INS_DATE,INS_CCD,INS_SCD,INS_PG,UPD_DATE,UPD_CCD,UPD_SCD,UPD_PG,EXCLUS_VER,CONTRACT_CD,CID,ATTENDANCE_ITEM_ID,WORK_DAILY,WORK_ATTENDANCE,ATD_WORK_DAILY,ATD_WORK_ATTENDANCE,WORK_SUPPORT
,,,,,,,,0,"000000000000","000000000000-0000",1,true,true,true,true,false
,,,,,,,,0,"000000000000","000000000000-0000",2,true,true,true,true,false
,,,,,,,,0,"000000000000","000000000000-0000",3,true,true,true,true,false
,,,,,,,,0,"000000000000","000000000000-0000",4,true,true,true,true,false
,,,,,,,,0,"000000000000","000000000000-0000",5,true,true,true,true,false
,,,,,,,,0,"000000000000","000000000000-0000",6,true,true,true,true,false
,,,,,,,,0,"000000000000","000000000000-0000",7,true,true,true,true,false
,,,,,,,,0,"000000000000","000000000000-0000",8,true,true,true,true,false
,,,,,,,,0,"000000000000","000000000000-0000",9,true,true,true,true,false
,,,,,,,,0,"000000000000","000000000000-0000",10,true,true,true,true,false
,,,,,,,,0,"000000000000","000000000000-0000",11,true,true,true,true,false
,,,,,,,,0,"000000000000","000000000000-0000",12,true,true,true,true,false
,,,,,,,,0,"000000000000","000000000000-0000",13,true,true,true,true,false
,,,,,,,,0,"000000000000","000000000000-0000",14,true,true,true,true,false
,,,,,,,,0,"000000000000","000000000000-0000",15,true,true,true,true,false
,,,,,,,,0,"000000000000","000000000000-0000",16,true,true,true,true,false
,,,,,,,,0,"000000000000","000000000000-0000",17,true,true,true,true,false
,,,,,,,,0,"000000000000","000000000000-0000",18,true,true,true,true,false
,,,,,,,,0,"000000000000","000000000000-0000",19,true,true,true,true,false
,,,,,,,,0,"000000000000","000000000000-0000",20,true,true,true,true,false
,,,,,,,,0,"000000000000","000000000000-0000",21,true,true,true,true,false
,,,,,,,,0,"000000000000","000000000000-0000",22,true,true,true,true,false
,,,,,,,,0,"000000000000","000000000000-0000",23,true,true,true,true,false
,,,,,,,,0,"000000000000","000000000000-0000",24,true,true,true,true,false
,,,,,,,,0,"000000000000","000000000000-0000",25,true,true,true,true,false
,,,,,,,,0,"000000000000","000000000000-0000",26,true,true,true,true,false
,,,,,,,,0,"000000000000","000000000000-0000",27,true,true,true,true,false
,,,,,,,,0,"000000000000","000000000000-0000",28,true,true,true,true,false
,,,,,,,,0,"000000000000","000000000000-0000",29,true,true,true,true,false
,,,,,,,,0,"000000000000","000000000000-0000",30,true,true,true,true,false
,,,,,,,,0,"000000000000","000000000000-0000",31,true,true,true,true,false
,,,,,,,,0,"000000000000","000000000000-0000",32,true,true,true,true,false
,,,,,,,,0,"000000000000","000000000000-0000",33,true,true,true,true,false
,,,,,,,,0,"000000000000","000000000000-0000",34,true,true,true,true,false
,,,,,,,,0,"000000000000","000000000000-0000",35,true,true,true,true,false
,,,,,,,,0,"000000000000","000000000000-0000",36,true,true,true,true,false
,,,,,,,,0,"000000000000","000000000000-0000",37,true,true,true,true,false
,,,,,,,,0,"000000000000","000000000000-0000",38,true,true,true,true,false
,,,,,,,,0,"000000000000","000000000000-0000",39,true,true,true,true,false
,,,,,,,,0,"000000000000","000000000000-0000",40,true,true,true,true,false
,,,,,,,,0,"000000000000","000000000000-0000",41,true,true,true,true,false
,,,,,,,,0,"000000000000","000000000000-0000",42,true,true,true,true,false
,,,,,,,,0,"000000000000","000000000000-0000",43,true,true,true,true,false
,,,,,,,,0,"000000000000","000000000000-0000",44,true,true,true,true,false
,,,,,,,,0,"000000000000","000000000000-0000",45,true,true,true,true,false
,,,,,,,,0,"000000000000","000000000000-0000",46,true,true,true,true,false
,,,,,,,,0,"000000000000","000000000000-0000",47,true,true,true,true,false
,,,,,,,,0,"000000000000","000000000000-0000",48,true,true,true,true,false
,,,,,,,,0,"000000000000","000000000000-0000",49,true,true,true,true,false
,,,,,,,,0,"000000000000","000000000000-0000",50,true,true,true,true,false
,,,,,,,,0,"000000000000","000000000000-0000",51,true,true,true,true,false
,,,,,,,,0,"000000000000","000000000000-0000",52,true,true,true,true,false
,,,,,,,,0,"000000000000","000000000000-0000",53,true,true,true,true,false
,,,,,,,,0,"000000000000","000000000000-0000",54,true,true,true,true,false
,,,,,,,,0,"000000000000","000000000000-0000",55,true,true,true,true,false
,,,,,,,,0,"000000000000","000000000000-0000",56,true,true,true,true,false
,,,,,,,,0,"000000000000","000000000000-0000",57,true,true,true,true,false
,,,,,,,,0,"000000000000","000000000000-0000",58,true,true,true,true,false
,,,,,,,,0,"000000000000","000000000000-0000",59,true,true,true,true,false
,,,,,,,,0,"000000000000","000000000000-0000",60,true,true,true,true,false
,,,,,,,,0,"000000000000","000000000000-0000",61,true,true,true,true,false
,,,,,,,,0,"000000000000","000000000000-0000",62,true,true,true,true,false
,,,,,,,,0,"000000000000","000000000000-0000",63,true,true,true,true,false
,,,,,,,,0,"000000000000","000000000000-0000",64,true,true,true,true,false
,,,,,,,,0,"000000000000","000000000000-0000",65,true,true,true,true,false
,,,,,,,,0,"000000000000","000000000000-0000",66,true,true,true,true,false
,,,,,,,,0,"000000000000","000000000000-0000",67,true,true,true,true,false
,,,,,,,,0,"000000000000","000000000000-0000",68,true,true,true,true,false
,,,,,,,,0,"000000000000","000000000000-0000",69,true,true,true,true,false
,,,,,,,,0,"000000000000","000000000000-0000",70,true,true,true,true,false
,,,,,,,,0,"000000000000","000000000000-0000",71,true,true,true,true,false
,,,,,,,,0,"000000000000","000000000000-0000",72,true,true,true,true,false
,,,,,,,,0,"000000000000","000000000000-0000",73,true,true,true,true,false
,,,,,,,,0,"000000000000","000000000000-0000",74,true,true,true,true,false
,,,,,,,,0,"000000000000","000000000000-0000",75,true,true,true,true,false
,,,,,,,,0,"000000000000","000000000000-0000",76,true,true,true,true,false
,,,,,,,,0,"000000000000","000000000000-0000",77,true,true,true,true,false
,,,,,,,,0,"000000000000","000000000000-0000",78,true,true,true,true,false
,,,,,,,,0,"000000000000","000000000000-0000",79,true,true,true,true,false
,,,,,,,,0,"000000000000","000000000000-0000",80,true,true,true,true,false
,,,,,,,,0,"000000000000","000000000000-0000",81,true,true,true,true,false
,,,,,,,,0,"000000000000","000000000000-0000",82,true,true,true,true,false
,,,,,,,,0,"000000000000","000000000000-0000",83,true,true,true,true,false
,,,,,,,,0,"000000000000","000000000000-0000",84,true,true,true,true,false
,,,,,,,,0,"000000000000","000000000000-0000",85,true,true,true,true,false
,,,,,,,,0,"000000000000","000000000000-0000",86,true,true,true,true,false
,,,,,,,,0,"000000000000","000000000000-0000",87,true,true,true,true,false
,,,,,,,,0,"000000000000","000000000000-0000",88,true,true,true,true,false
,,,,,,,,0,"000000000000","000000000000-0000",89,true,true,true,true,false
,,,,,,,,0,"000000000000","000000000000-0000",90,true,true,true,true,false
,,,,,,,,0,"000000000000","000000000000-0000",91,true,true,true,true,false
,,,,,,,,0,"000000000000","000000000000-0000",92,true,true,true,true,false
,,,,,,,,0,"000000000000","000000000000-0000",93,true,true,true,true,false
,,,,,,,,0,"000000000000","000000000000-0000",94,true,true,true,true,false
,,,,,,,,0,"000000000000","000000000000-0000",95,true,true,true,true,false
,,,,,,,,0,"000000000000","000000000000-0000",96,true,true,true,true,false
,,,,,,,,0,"000000000000","000000000000-0000",97,true,true,true,true,false
,,,,,,,,0,"000000000000","000000000000-0000",98,true,true,true,true,false
,,,,,,,,0,"000000000000","000000000000-0000",99,true,true,true,true,false
,,,,,,,,0,"000000000000","000000000000-0000",100,true,true,true,true,false
,,,,,,,,0,"000000000000","000000000000-0000",101,true,true,true,true,false
,,,,,,,,0,"000000000000","000000000000-0000",102,true,true,true,true,false
,,,,,,,,0,"000000000000","000000000000-0000",103,true,true,true,true,false
,,,,,,,,0,"000000000000","000000000000-0000",104,true,true,true,true,false
,,,,,,,,0,"000000000000","000000000000-0000",105,true,true,true,true,false
,,,,,,,,0,"000000000000","000000000000-0000",106,true,true,true,true,false
,,,,,,,,0,"000000000000","000000000000-0000",107,true,true,true,true,false
,,,,,,,,0,"000000000000","000000000000-0000",108,true,true,true,true,false
,,,,,,,,0,"000000000000","000000000000-0000",109,true,true,true,true,false
,,,,,,,,0,"000000000000","000000000000-0000",110,true,true,true,true,false
,,,,,,,,0,"000000000000","000000000000-0000",111,true,true,true,true,false
,,,,,,,,0,"000000000000","000000000000-0000",112,true,true,true,true,false
,,,,,,,,0,"000000000000","000000000000-0000",113,true,true,true,true,false
,,,,,,,,0,"000000000000","000000000000-0000",114,true,true,true,true,false
,,,,,,,,0,"000000000000","000000000000-0000",115,true,true,true,true,false
,,,,,,,,0,"000000000000","000000000000-0000",116,true,true,true,true,false
,,,,,,,,0,"000000000000","000000000000-0000",117,true,true,true,true,false
,,,,,,,,0,"000000000000","000000000000-0000",118,true,true,true,true,false
,,,,,,,,0,"000000000000","000000000000-0000",119,true,true,true,true,false
,,,,,,,,0,"000000000000","000000000000-0000",120,true,true,true,true,false
,,,,,,,,0,"000000000000","000000000000-0000",121,true,true,true,true,false
,,,,,,,,0,"000000000000","000000000000-0000",122,true,true,true,true,false
,,,,,,,,0,"000000000000","000000000000-0000",123,true,true,true,true,false
,,,,,,,,0,"000000000000","000000000000-0000",124,true,true,true,true,false
,,,,,,,,0,"000000000000","000000000000-0000",125,true,true,true,true,false
,,,,,,,,0,"000000000000","000000000000-0000",126,true,true,true,true,false
,,,,,,,,0,"000000000000","000000000000-0000",127,true,true,true,true,false
,,,,,,,,0,"000000000000","000000000000-0000",128,true,true,true,true,false
,,,,,,,,0,"000000000000","000000000000-0000",129,true,true,true,true,false
,,,,,,,,0,"000000000000","000000000000-0000",130,true,true,true,true,false
,,,,,,,,0,"000000000000","000000000000-0000",131,true,true,true,true,false
,,,,,,,,0,"000000000000","000000000000-0000",132,true,true,true,true,false
,,,,,,,,0,"000000000000","000000000000-0000",133,true,true,true,true,false
,,,,,,,,0,"000000000000","000000000000-0000",134,true,true,true,true,false
,,,,,,,,0,"000000000000","000000000000-0000",135,true,true,true,true,false
,,,,,,,,0,"000000000000","000000000000-0000",136,true,true,true,true,false
,,,,,,,,0,"000000000000","000000000000-0000",137,true,true,true,true,false
,,,,,,,,0,"000000000000","000000000000-0000",138,true,true,true,true,false
,,,,,,,,0,"000000000000","000000000000-0000",139,true,true,true,true,false
,,,,,,,,0,"000000000000","000000000000-0000",140,true,true,true,true,false
,,,,,,,,0,"000000000000","000000000000-0000",141,true,true,true,true,false
,,,,,,,,0,"000000000000","000000000000-0000",142,true,true,true,true,false
,,,,,,,,0,"000000000000","000000000000-0000",143,true,true,true,true,false
,,,,,,,,0,"000000000000","000000000000-0000",144,true,true,true,true,false
,,,,,,,,0,"000000000000","000000000000-0000",145,true,true,true,true,false
,,,,,,,,0,"000000000000","000000000000-0000",146,true,true,true,true,false
,,,,,,,,0,"000000000000","000000000000-0000",147,true,true,true,true,false
,,,,,,,,0,"000000000000","000000000000-0000",148,true,true,true,true,false
,,,,,,,,0,"000000000000","000000000000-0000",149,true,true,true,true,false
,,,,,,,,0,"000000000000","000000000000-0000",150,true,true,true,true,false
,,,,,,,,0,"000000000000","000000000000-0000",151,true,true,true,true,false
,,,,,,,,0,"000000000000","000000000000-0000",152,true,true,true,true,false
,,,,,,,,0,"000000000000","000000000000-0000",153,true,true,true,true,false
,,,,,,,,0,"000000000000","000000000000-0000",154,true,true,true,true,false
,,,,,,,,0,"000000000000","000000000000-0000",155,true,true,true,true,false
,,,,,,,,0,"000000000000","000000000000-0000",156,true,true,true,true,false
,,,,,,,,0,"000000000000","000000000000-0000",157,true,true,true,true,false
,,,,,,,,0,"000000000000","000000000000-0000",158,true,true,true,true,false
,,,,,,,,0,"000000000000","000000000000-0000",159,true,true,true,true,false
,,,,,,,,0,"000000000000","000000000000-0000",160,true,true,true,true,false
,,,,,,,,0,"000000000000","000000000000-0000",161,true,true,true,true,false
,,,,,,,,0,"000000000000","000000000000-0000",162,true,true,true,true,false
,,,,,,,,0,"000000000000","000000000000-0000",163,true,true,true,true,false
,,,,,,,,0,"000000000000","000000000000-0000",164,true,true,true,true,false
,,,,,,,,0,"000000000000","000000000000-0000",165,true,true,true,true,false
,,,,,,,,0,"000000000000","000000000000-0000",166,true,true,true,true,false
,,,,,,,,0,"000000000000","000000000000-0000",167,true,true,true,true,false
,,,,,,,,0,"000000000000","000000000000-0000",168,true,true,true,true,false
,,,,,,,,0,"000000000000","000000000000-0000",169,true,true,true,true,false
,,,,,,,,0,"000000000000","000000000000-0000",170,true,true,true,true,false
,,,,,,,,0,"000000000000","000000000000-0000",171,true,true,true,true,false
,,,,,,,,0,"000000000000","000000000000-0000",172,true,true,true,true,false
,,,,,,,,0,"000000000000","000000000000-0000",173,true,true,true,true,false
,,,,,,,,0,"000000000000","000000000000-0000",174,true,true,true,true,false
,,,,,,,,0,"000000000000","000000000000-0000",175,true,true,true,true,false
,,,,,,,,0,"000000000000","000000000000-0000",176,true,true,true,true,false
,,,,,,,,0,"000000000000","000000000000-0000",177,true,true,true,true,false
,,,,,,,,0,"000000000000","000000000000-0000",178,true,true,true,true,false
,,,,,,,,0,"000000000000","000000000000-0000",179,true,true,true,true,false
,,,,,,,,0,"000000000000","000000000000-0000",180,true,true,true,true,false
,,,,,,,,0,"000000000000","000000000000-0000",181,true,true,true,true,false
,,,,,,,,0,"000000000000","000000000000-0000",182,true,true,true,true,false
,,,,,,,,0,"000000000000","000000000000-0000",183,true,true,true,true,false
,,,,,,,,0,"000000000000","000000000000-0000",184,true,true,true,true,false
,,,,,,,,0,"000000000000","000000000000-0000",185,true,true,true,true,false
,,,,,,,,0,"000000000000","000000000000-0000",186,true,true,true,true,false
,,,,,,,,0,"000000000000","000000000000-0000",187,true,true,true,true,false
,,,,,,,,0,"000000000000","000000000000-0000",188,true,true,true,true,false
,,,,,,,,0,"000000000000","000000000000-0000",189,true,true,true,true,false
,,,,,,,,0,"000000000000","000000000000-0000",190,true,true,true,true,false
,,,,,,,,0,"000000000000","000000000000-0000",191,true,true,true,true,false
,,,,,,,,0,"000000000000","000000000000-0000",192,true,true,true,true,false
,,,,,,,,0,"000000000000","000000000000-0000",193,true,true,true,true,false
,,,,,,,,0,"000000000000","000000000000-0000",194,true,true,true,true,false
,,,,,,,,0,"000000000000","000000000000-0000",195,true,true,true,true,false
,,,,,,,,0,"000000000000","000000000000-0000",196,true,true,true,true,false
,,,,,,,,0,"000000000000","000000000000-0000",197,true,true,true,true,false
,,,,,,,,0,"000000000000","000000000000-0000",198,true,true,true,true,false
,,,,,,,,0,"000000000000","000000000000-0000",199,true,true,true,true,false
,,,,,,,,0,"000000000000","000000000000-0000",200,true,true,true,true,false
,,,,,,,,0,"000000000000","000000000000-0000",201,true,true,true,true,false
,,,,,,,,0,"000000000000","000000000000-0000",202,true,true,true,true,false
,,,,,,,,0,"000000000000","000000000000-0000",203,true,true,true,true,false
,,,,,,,,0,"000000000000","000000000000-0000",204,true,true,true,true,false
,,,,,,,,0,"000000000000","000000000000-0000",205,true,true,true,true,false
,,,,,,,,0,"000000000000","000000000000-0000",206,true,true,true,true,false
,,,,,,,,0,"000000000000","000000000000-0000",207,true,true,true,true,false
,,,,,,,,0,"000000000000","000000000000-0000",208,true,true,true,true,false
,,,,,,,,0,"000000000000","000000000000-0000",209,true,true,true,true,false
,,,,,,,,0,"000000000000","000000000000-0000",210,true,true,true,true,false
,,,,,,,,0,"000000000000","000000000000-0000",211,true,true,true,true,false
,,,,,,,,0,"000000000000","000000000000-0000",212,true,true,true,true,false
,,,,,,,,0,"000000000000","000000000000-0000",213,true,true,true,true,false
,,,,,,,,0,"000000000000","000000000000-0000",214,true,true,true,true,false
,,,,,,,,0,"000000000000","000000000000-0000",215,true,true,true,true,false
,,,,,,,,0,"000000000000","000000000000-0000",216,true,true,true,true,false
,,,,,,,,0,"000000000000","000000000000-0000",217,true,true,true,true,false
,,,,,,,,0,"000000000000","000000000000-0000",218,true,true,true,true,false
,,,,,,,,0,"000000000000","000000000000-0000",219,true,true,true,true,false
,,,,,,,,0,"000000000000","000000000000-0000",220,true,true,true,true,false
,,,,,,,,0,"000000000000","000000000000-0000",221,true,true,true,true,false
,,,,,,,,0,"000000000000","000000000000-0000",222,true,true,true,true,false
,,,,,,,,0,"000000000000","000000000000-0000",223,true,true,true,true,false
,,,,,,,,0,"000000000000","000000000000-0000",224,true,true,true,true,false
,,,,,,,,0,"000000000000","000000000000-0000",225,true,true,true,true,false
,,,,,,,,0,"000000000000","000000000000-0000",226,true,true,true,true,false
,,,,,,,,0,"000000000000","000000000000-0000",227,true,true,true,true,false
,,,,,,,,0,"000000000000","000000000000-0000",228,true,true,true,true,false
,,,,,,,,0,"000000000000","000000000000-0000",229,true,true,true,true,false
,,,,,,,,0,"000000000000","000000000000-0000",230,true,true,true,true,false
,,,,,,,,0,"000000000000","000000000000-0000",231,true,true,true,true,false
,,,,,,,,0,"000000000000","000000000000-0000",232,true,true,true,true,false
,,,,,,,,0,"000000000000","000000000000-0000",233,true,true,true,true,false
,,,,,,,,0,"000000000000","000000000000-0000",234,true,true,true,true,false
,,,,,,,,0,"000000000000","000000000000-0000",235,true,true,true,true,false
,,,,,,,,0,"000000000000","000000000000-0000",236,true,true,true,true,false
,,,,,,,,0,"000000000000","000000000000-0000",237,true,true,true,true,false
,,,,,,,,0,"000000000000","000000000000-0000",238,true,true,true,true,false
,,,,,,,,0,"000000000000","000000000000-0000",239,true,true,true,true,false
,,,,,,,,0,"000000000000","000000000000-0000",240,true,true,true,true,false
,,,,,,,,0,"000000000000","000000000000-0000",241,true,true,true,true,false
,,,,,,,,0,"000000000000","000000000000-0000",242,true,true,true,true,false
,,,,,,,,0,"000000000000","000000000000-0000",243,true,true,true,true,false
,,,,,,,,0,"000000000000","000000000000-0000",244,true,true,true,true,false
,,,,,,,,0,"000000000000","000000000000-0000",245,true,true,true,true,false
,,,,,,,,0,"000000000000","000000000000-0000",246,true,true,true,true,false
,,,,,,,,0,"000000000000","000000000000-0000",247,true,true,true,true,false
,,,,,,,,0,"000000000000","000000000000-0000",248,true,true,true,true,false
,,,,,,,,0,"000000000000","000000000000-0000",249,true,true,true,true,false
,,,,,,,,0,"000000000000","000000000000-0000",250,true,true,true,true,false
,,,,,,,,0,"000000000000","000000000000-0000",251,true,true,true,true,false
,,,,,,,,0,"000000000000","000000000000-0000",252,true,true,true,true,false
,,,,,,,,0,"000000000000","000000000000-0000",253,true,true,true,true,false
,,,,,,,,0,"000000000000","000000000000-0000",254,true,true,true,true,false
,,,,,,,,0,"000000000000","000000000000-0000",255,true,true,true,true,false
,,,,,,,,0,"000000000000","000000000000-0000",256,true,true,true,true,false
,,,,,,,,0,"000000000000","000000000000-0000",257,true,true,true,true,false
,,,,,,,,0,"000000000000","000000000000-0000",258,true,true,true,true,false
,,,,,,,,0,"000000000000","000000000000-0000",259,true,true,true,true,false
,,,,,,,,0,"000000000000","000000000000-0000",260,true,true,true,true,false
,,,,,,,,0,"000000000000","000000000000-0000",261,true,true,true,true,false
,,,,,,,,0,"000000000000","000000000000-0000",262,true,true,true,true,false
,,,,,,,,0,"000000000000","000000000000-0000",263,true,true,true,true,false
,,,,,,,,0,"000000000000","000000000000-0000",264,true,true,true,true,false
,,,,,,,,0,"000000000000","000000000000-0000",265,true,true,true,true,false
,,,,,,,,0,"000000000000","000000000000-0000",266,true,true,true,true,false
,,,,,,,,0,"000000000000","000000000000-0000",267,true,true,true,true,false
,,,,,,,,0,"000000000000","000000000000-0000",268,true,true,true,true,false
,,,,,,,,0,"000000000000","000000000000-0000",269,true,true,true,true,false
,,,,,,,,0,"000000000000","000000000000-0000",270,true,true,true,true,false
,,,,,,,,0,"000000000000","000000000000-0000",271,true,true,true,true,false
,,,,,,,,0,"000000000000","000000000000-0000",272,true,true,true,true,false
,,,,,,,,0,"000000000000","000000000000-0000",273,true,true,true,true,false
,,,,,,,,0,"000000000000","000000000000-0000",274,true,true,true,true,false
,,,,,,,,0,"000000000000","000000000000-0000",275,true,true,true,true,false
,,,,,,,,0,"000000000000","000000000000-0000",276,true,true,true,true,false
,,,,,,,,0,"000000000000","000000000000-0000",277,true,true,true,true,false
,,,,,,,,0,"000000000000","000000000000-0000",278,true,true,true,true,false
,,,,,,,,0,"000000000000","000000000000-0000",279,true,true,true,true,false
,,,,,,,,0,"000000000000","000000000000-0000",280,true,true,true,true,false
,,,,,,,,0,"000000000000","000000000000-0000",281,true,true,true,true,false
,,,,,,,,0,"000000000000","000000000000-0000",282,true,true,true,true,false
,,,,,,,,0,"000000000000","000000000000-0000",283,true,true,true,true,false
,,,,,,,,0,"000000000000","000000000000-0000",284,true,true,true,true,false
,,,,,,,,0,"000000000000","000000000000-0000",285,true,true,true,true,false
,,,,,,,,0,"000000000000","000000000000-0000",286,true,true,true,true,false
,,,,,,,,0,"000000000000","000000000000-0000",287,true,true,true,true,false
,,,,,,,,0,"000000000000","000000000000-0000",288,true,true,true,true,false
,,,,,,,,0,"000000000000","000000000000-0000",289,true,true,true,true,false
,,,,,,,,0,"000000000000","000000000000-0000",290,true,true,true,true,false
,,,,,,,,0,"000000000000","000000000000-0000",291,true,true,true,true,false
,,,,,,,,0,"000000000000","000000000000-0000",292,true,true,true,true,false
,,,,,,,,0,"000000000000","000000000000-0000",293,true,true,true,true,false
,,,,,,,,0,"000000000000","000000000000-0000",294,true,true,true,true,false
,,,,,,,,0,"000000000000","000000000000-0000",295,true,true,true,true,false
,,,,,,,,0,"000000000000","000000000000-0000",296,true,true,true,true,false
,,,,,,,,0,"000000000000","000000000000-0000",297,true,true,true,true,false
,,,,,,,,0,"000000000000","000000000000-0000",298,true,true,true,true,false
,,,,,,,,0,"000000000000","000000000000-0000",299,true,true,true,true,false
,,,,,,,,0,"000000000000","000000000000-0000",300,true,true,true,true,false
,,,,,,,,0,"000000000000","000000000000-0000",301,true,true,true,true,false
,,,,,,,,0,"000000000000","000000000000-0000",302,true,true,true,true,false
,,,,,,,,0,"000000000000","000000000000-0000",303,true,true,true,true,false
,,,,,,,,0,"000000000000","000000000000-0000",304,true,true,true,true,false
,,,,,,,,0,"000000000000","000000000000-0000",305,true,true,true,true,false
,,,,,,,,0,"000000000000","000000000000-0000",306,true,true,true,true,false
,,,,,,,,0,"000000000000","000000000000-0000",307,true,true,true,true,false
,,,,,,,,0,"000000000000","000000000000-0000",308,true,true,true,true,false
,,,,,,,,0,"000000000000","000000000000-0000",309,true,true,true,true,false
,,,,,,,,0,"000000000000","000000000000-0000",310,true,true,true,true,false
,,,,,,,,0,"000000000000","000000000000-0000",311,true,true,true,true,false
,,,,,,,,0,"000000000000","000000000000-0000",312,true,true,true,true,false
,,,,,,,,0,"000000000000","000000000000-0000",313,true,true,true,true,false
,,,,,,,,0,"000000000000","000000000000-0000",314,true,true,true,true,false
,,,,,,,,0,"000000000000","000000000000-0000",315,true,true,true,true,false
,,,,,,,,0,"000000000000","000000000000-0000",316,true,true,true,true,false
,,,,,,,,0,"000000000000","000000000000-0000",317,true,true,true,true,false
,,,,,,,,0,"000000000000","000000000000-0000",318,true,true,true,true,false
,,,,,,,,0,"000000000000","000000000000-0000",319,true,true,true,true,false
,,,,,,,,0,"000000000000","000000000000-0000",320,true,true,true,true,false
,,,,,,,,0,"000000000000","000000000000-0000",321,true,true,true,true,false
,,,,,,,,0,"000000000000","000000000000-0000",322,true,true,true,true,false
,,,,,,,,0,"000000000000","000000000000-0000",323,true,true,true,true,false
,,,,,,,,0,"000000000000","000000000000-0000",324,true,true,true,true,false
,,,,,,,,0,"000000000000","000000000000-0000",325,true,true,true,true,false
,,,,,,,,0,"000000000000","000000000000-0000",326,true,true,true,true,false
,,,,,,,,0,"000000000000","000000000000-0000",327,true,true,true,true,false
,,,,,,,,0,"000000000000","000000000000-0000",328,true,true,true,true,false
,,,,,,,,0,"000000000000","000000000000-0000",329,true,true,true,true,false
,,,,,,,,0,"000000000000","000000000000-0000",330,true,true,true,true,false
,,,,,,,,0,"000000000000","000000000000-0000",331,true,true,true,true,false
,,,,,,,,0,"000000000000","000000000000-0000",332,true,true,true,true,false
,,,,,,,,0,"000000000000","000000000000-0000",333,true,true,true,true,false
,,,,,,,,0,"000000000000","000000000000-0000",334,true,true,true,true,false
,,,,,,,,0,"000000000000","000000000000-0000",335,true,true,true,true,false
,,,,,,,,0,"000000000000","000000000000-0000",336,true,true,true,true,false
,,,,,,,,0,"000000000000","000000000000-0000",337,true,true,true,true,false
,,,,,,,,0,"000000000000","000000000000-0000",338,true,true,true,true,false
,,,,,,,,0,"000000000000","000000000000-0000",339,true,true,true,true,false
,,,,,,,,0,"000000000000","000000000000-0000",340,true,true,true,true,false
,,,,,,,,0,"000000000000","000000000000-0000",341,true,true,true,true,false
,,,,,,,,0,"000000000000","000000000000-0000",342,true,true,true,true,false
,,,,,,,,0,"000000000000","000000000000-0000",343,true,true,true,true,false
,,,,,,,,0,"000000000000","000000000000-0000",344,true,true,true,true,false
,,,,,,,,0,"000000000000","000000000000-0000",345,true,true,true,true,false
,,,,,,,,0,"000000000000","000000000000-0000",346,true,true,true,true,false
,,,,,,,,0,"000000000000","000000000000-0000",347,true,true,true,true,false
,,,,,,,,0,"000000000000","000000000000-0000",348,true,true,true,true,false
,,,,,,,,0,"000000000000","000000000000-0000",349,true,true,true,true,false
,,,,,,,,0,"000000000000","000000000000-0000",350,true,true,true,true,false
,,,,,,,,0,"000000000000","000000000000-0000",351,true,true,true,true,false
,,,,,,,,0,"000000000000","000000000000-0000",352,true,true,true,true,false
,,,,,,,,0,"000000000000","000000000000-0000",353,true,true,true,true,false
,,,,,,,,0,"000000000000","000000000000-0000",354,true,true,true,true,false
,,,,,,,,0,"000000000000","000000000000-0000",355,true,true,true,true,false
,,,,,,,,0,"000000000000","000000000000-0000",356,true,true,true,true,false
,,,,,,,,0,"000000000000","000000000000-0000",357,true,true,true,true,false
,,,,,,,,0,"000000000000","000000000000-0000",358,true,true,true,true,false
,,,,,,,,0,"000000000000","000000000000-0000",359,true,true,true,true,false
,,,,,,,,0,"000000000000","000000000000-0000",360,true,true,true,true,false
,,,,,,,,0,"000000000000","000000000000-0000",361,true,true,true,true,false
,,,,,,,,0,"000000000000","000000000000-0000",362,true,true,true,true,false
,,,,,,,,0,"000000000000","000000000000-0000",363,true,true,true,true,false
,,,,,,,,0,"000000000000","000000000000-0000",364,true,true,true,true,false
,,,,,,,,0,"000000000000","000000000000-0000",365,true,true,true,true,false
,,,,,,,,0,"000000000000","000000000000-0000",366,true,true,true,true,false
,,,,,,,,0,"000000000000","000000000000-0000",367,true,true,true,true,false
,,,,,,,,0,"000000000000","000000000000-0000",368,true,true,true,true,false
,,,,,,,,0,"000000000000","000000000000-0000",369,true,true,true,true,false
,,,,,,,,0,"000000000000","000000000000-0000",370,true,true,true,true,false
,,,,,,,,0,"000000000000","000000000000-0000",371,true,true,true,true,false
,,,,,,,,0,"000000000000","000000000000-0000",372,true,true,true,true,false
,,,,,,,,0,"000000000000","000000000000-0000",373,true,true,true,true,false
,,,,,,,,0,"000000000000","000000000000-0000",374,true,true,true,true,false
,,,,,,,,0,"000000000000","000000000000-0000",375,true,true,true,true,false
,,,,,,,,0,"000000000000","000000000000-0000",376,true,true,true,true,false
,,,,,,,,0,"000000000000","000000000000-0000",377,true,true,true,true,false
,,,,,,,,0,"000000000000","000000000000-0000",378,true,true,true,true,false
,,,,,,,,0,"000000000000","000000000000-0000",379,true,true,true,true,false
,,,,,,,,0,"000000000000","000000000000-0000",380,true,true,true,true,false
,,,,,,,,0,"000000000000","000000000000-0000",381,true,true,true,true,false
,,,,,,,,0,"000000000000","000000000000-0000",382,true,true,true,true,false
,,,,,,,,0,"000000000000","000000000000-0000",383,true,true,true,true,false
,,,,,,,,0,"000000000000","000000000000-0000",384,true,true,true,true,false
,,,,,,,,0,"000000000000","000000000000-0000",385,true,true,true,true,false
,,,,,,,,0,"000000000000","000000000000-0000",386,true,true,true,true,false
,,,,,,,,0,"000000000000","000000000000-0000",387,true,true,true,true,false
,,,,,,,,0,"000000000000","000000000000-0000",388,true,true,true,true,false
,,,,,,,,0,"000000000000","000000000000-0000",389,true,true,true,true,false
,,,,,,,,0,"000000000000","000000000000-0000",390,true,true,true,true,false
,,,,,,,,0,"000000000000","000000000000-0000",391,true,true,true,true,false
,,,,,,,,0,"000000000000","000000000000-0000",392,true,true,true,true,false
,,,,,,,,0,"000000000000","000000000000-0000",393,true,true,true,true,false
,,,,,,,,0,"000000000000","000000000000-0000",394,true,true,true,true,false
,,,,,,,,0,"000000000000","000000000000-0000",395,true,true,true,true,false
,,,,,,,,0,"000000000000","000000000000-0000",396,true,true,true,true,false
,,,,,,,,0,"000000000000","000000000000-0000",397,true,true,true,true,false
,,,,,,,,0,"000000000000","000000000000-0000",398,true,true,true,true,false
,,,,,,,,0,"000000000000","000000000000-0000",399,true,true,true,true,false
,,,,,,,,0,"000000000000","000000000000-0000",400,true,true,true,true,false
,,,,,,,,0,"000000000000","000000000000-0000",401,true,true,true,true,false
,,,,,,,,0,"000000000000","000000000000-0000",402,true,true,true,true,false
,,,,,,,,0,"000000000000","000000000000-0000",403,true,true,true,true,false
,,,,,,,,0,"000000000000","000000000000-0000",404,true,true,true,true,false
,,,,,,,,0,"000000000000","000000000000-0000",405,true,true,true,true,false
,,,,,,,,0,"000000000000","000000000000-0000",406,true,true,true,true,false
,,,,,,,,0,"000000000000","000000000000-0000",407,true,true,true,true,false
,,,,,,,,0,"000000000000","000000000000-0000",408,true,true,true,true,false
,,,,,,,,0,"000000000000","000000000000-0000",409,true,true,true,true,false
,,,,,,,,0,"000000000000","000000000000-0000",410,true,true,true,true,false
,,,,,,,,0,"000000000000","000000000000-0000",411,true,true,true,true,false
,,,,,,,,0,"000000000000","000000000000-0000",412,true,true,true,true,false
,,,,,,,,0,"000000000000","000000000000-0000",413,true,true,true,true,false
,,,,,,,,0,"000000000000","000000000000-0000",414,true,true,true,true,false
,,,,,,,,0,"000000000000","000000000000-0000",415,true,true,true,true,false
,,,,,,,,0,"000000000000","000000000000-0000",416,true,true,true,true,false
,,,,,,,,0,"000000000000","000000000000-0000",417,true,true,true,true,false
,,,,,,,,0,"000000000000","000000000000-0000",418,true,true,true,true,false
,,,,,,,,0,"000000000000","000000000000-0000",419,true,true,true,true,false
,,,,,,,,0,"000000000000","000000000000-0000",420,true,true,true,true,false
,,,,,,,,0,"000000000000","000000000000-0000",421,true,true,true,true,false
,,,,,,,,0,"000000000000","000000000000-0000",422,true,true,true,true,false
,,,,,,,,0,"000000000000","000000000000-0000",423,true,true,true,true,false
,,,,,,,,0,"000000000000","000000000000-0000",424,true,true,true,true,false
,,,,,,,,0,"000000000000","000000000000-0000",425,true,true,true,true,false
,,,,,,,,0,"000000000000","000000000000-0000",426,true,true,true,true,false
,,,,,,,,0,"000000000000","000000000000-0000",427,true,true,true,true,false
,,,,,,,,0,"000000000000","000000000000-0000",428,true,true,true,true,false
,,,,,,,,0,"000000000000","000000000000-0000",429,true,true,true,true,false
,,,,,,,,0,"000000000000","000000000000-0000",430,true,true,true,true,false
,,,,,,,,0,"000000000000","000000000000-0000",431,true,true,true,true,false
,,,,,,,,0,"000000000000","000000000000-0000",432,true,true,true,true,false
,,,,,,,,0,"000000000000","000000000000-0000",433,true,true,true,true,false
,,,,,,,,0,"000000000000","000000000000-0000",434,true,true,true,true,false
,,,,,,,,0,"000000000000","000000000000-0000",435,true,true,true,true,false
,,,,,,,,0,"000000000000","000000000000-0000",436,true,true,true,true,false
,,,,,,,,0,"000000000000","000000000000-0000",437,true,true,true,true,false
,,,,,,,,0,"000000000000","000000000000-0000",438,true,true,true,true,false
,,,,,,,,0,"000000000000","000000000000-0000",439,true,true,true,true,false
,,,,,,,,0,"000000000000","000000000000-0000",440,true,true,true,true,false
,,,,,,,,0,"000000000000","000000000000-0000",441,true,true,true,true,false
,,,,,,,,0,"000000000000","000000000000-0000",442,true,true,true,true,false
,,,,,,,,0,"000000000000","000000000000-0000",443,true,true,true,true,false
,,,,,,,,0,"000000000000","000000000000-0000",444,true,true,true,true,false
,,,,,,,,0,"000000000000","000000000000-0000",445,true,true,true,true,false
,,,,,,,,0,"000000000000","000000000000-0000",446,true,true,true,true,false
,,,,,,,,0,"000000000000","000000000000-0000",447,true,true,true,true,false
,,,,,,,,0,"000000000000","000000000000-0000",448,true,true,true,true,false
,,,,,,,,0,"000000000000","000000000000-0000",449,true,true,true,true,false
,,,,,,,,0,"000000000000","000000000000-0000",450,true,true,true,true,false
,,,,,,,,0,"000000000000","000000000000-0000",451,true,true,true,true,false
,,,,,,,,0,"000000000000","000000000000-0000",452,true,true,true,true,false
,,,,,,,,0,"000000000000","000000000000-0000",453,true,true,true,true,false
,,,,,,,,0,"000000000000","000000000000-0000",454,true,true,true,true,false
,,,,,,,,0,"000000000000","000000000000-0000",455,true,true,true,true,false
,,,,,,,,0,"000000000000","000000000000-0000",456,true,true,true,true,false
,,,,,,,,0,"000000000000","000000000000-0000",457,true,true,true,true,false
,,,,,,,,0,"000000000000","000000000000-0000",458,true,true,true,true,false
,,,,,,,,0,"000000000000","000000000000-0000",459,true,true,true,true,false
,,,,,,,,0,"000000000000","000000000000-0000",460,true,true,true,true,false
,,,,,,,,0,"000000000000","000000000000-0000",461,true,true,true,true,false
,,,,,,,,0,"000000000000","000000000000-0000",462,true,true,true,true,false
,,,,,,,,0,"000000000000","000000000000-0000",463,true,true,true,true,false
,,,,,,,,0,"000000000000","000000000000-0000",464,true,true,true,true,false
,,,,,,,,0,"000000000000","000000000000-0000",465,true,true,true,true,false
,,,,,,,,0,"000000000000","000000000000-0000",466,true,true,true,true,false
,,,,,,,,0,"000000000000","000000000000-0000",467,true,true,true,true,false
,,,,,,,,0,"000000000000","000000000000-0000",468,true,true,true,true,false
,,,,,,,,0,"000000000000","000000000000-0000",469,true,true,true,true,false
,,,,,,,,0,"000000000000","000000000000-0000",470,true,true,true,true,false
,,,,,,,,0,"000000000000","000000000000-0000",471,true,true,true,true,false
,,,,,,,,0,"000000000000","000000000000-0000",472,true,true,true,true,false
,,,,,,,,0,"000000000000","000000000000-0000",473,true,true,true,true,false
,,,,,,,,0,"000000000000","000000000000-0000",474,true,true,true,true,false
,,,,,,,,0,"000000000000","000000000000-0000",475,true,true,true,true,false
,,,,,,,,0,"000000000000","000000000000-0000",476,true,true,true,true,false
,,,,,,,,0,"000000000000","000000000000-0000",477,true,true,true,true,false
,,,,,,,,0,"000000000000","000000000000-0000",478,true,true,true,true,false
,,,,,,,,0,"000000000000","000000000000-0000",479,true,true,true,true,false
,,,,,,,,0,"000000000000","000000000000-0000",480,true,true,true,true,false
,,,,,,,,0,"000000000000","000000000000-0000",481,true,true,true,true,false
,,,,,,,,0,"000000000000","000000000000-0000",482,true,true,true,true,false
,,,,,,,,0,"000000000000","000000000000-0000",483,true,true,true,true,false
,,,,,,,,0,"000000000000","000000000000-0000",484,true,true,true,true,false
,,,,,,,,0,"000000000000","000000000000-0000",485,true,true,true,true,false
,,,,,,,,0,"000000000000","000000000000-0000",486,true,true,true,true,false
,,,,,,,,0,"000000000000","000000000000-0000",487,true,true,true,true,false
,,,,,,,,0,"000000000000","000000000000-0000",488,true,true,true,true,false
,,,,,,,,0,"000000000000","000000000000-0000",489,true,true,true,true,false
,,,,,,,,0,"000000000000","000000000000-0000",490,true,true,true,true,false
,,,,,,,,0,"000000000000","000000000000-0000",491,true,true,true,true,false
,,,,,,,,0,"000000000000","000000000000-0000",492,true,true,true,true,false
,,,,,,,,0,"000000000000","000000000000-0000",493,true,true,true,true,false
,,,,,,,,0,"000000000000","000000000000-0000",494,true,true,true,true,false
,,,,,,,,0,"000000000000","000000000000-0000",495,true,true,true,true,false
,,,,,,,,0,"000000000000","000000000000-0000",496,true,true,true,true,false
,,,,,,,,0,"000000000000","000000000000-0000",497,true,true,true,true,false
,,,,,,,,0,"000000000000","000000000000-0000",498,true,true,true,true,false
,,,,,,,,0,"000000000000","000000000000-0000",499,true,true,true,true,false
,,,,,,,,0,"000000000000","000000000000-0000",500,true,true,true,true,false
,,,,,,,,0,"000000000000","000000000000-0000",501,true,true,true,true,false
,,,,,,,,0,"000000000000","000000000000-0000",502,true,true,true,true,false
,,,,,,,,0,"000000000000","000000000000-0000",503,true,true,true,true,false
,,,,,,,,0,"000000000000","000000000000-0000",504,true,true,true,true,false
,,,,,,,,0,"000000000000","000000000000-0000",505,true,true,true,true,false
,,,,,,,,0,"000000000000","000000000000-0000",506,true,true,true,true,false
,,,,,,,,0,"000000000000","000000000000-0000",507,true,true,true,true,false
,,,,,,,,0,"000000000000","000000000000-0000",508,true,true,true,true,false
,,,,,,,,0,"000000000000","000000000000-0000",509,true,true,true,true,false
,,,,,,,,0,"000000000000","000000000000-0000",510,true,true,true,true,false
,,,,,,,,0,"000000000000","000000000000-0000",511,true,true,true,true,false
,,,,,,,,0,"000000000000","000000000000-0000",512,true,true,true,true,false
,,,,,,,,0,"000000000000","000000000000-0000",513,true,true,true,true,false
,,,,,,,,0,"000000000000","000000000000-0000",514,true,true,true,true,false
,,,,,,,,0,"000000000000","000000000000-0000",515,true,true,true,true,false
,,,,,,,,0,"000000000000","000000000000-0000",516,true,true,true,true,false
,,,,,,,,0,"000000000000","000000000000-0000",517,true,true,true,true,false
,,,,,,,,0,"000000000000","000000000000-0000",530,true,true,true,true,false
,,,,,,,,0,"000000000000","000000000000-0000",531,true,true,true,true,false
,,,,,,,,0,"000000000000","000000000000-0000",532,true,true,true,true,false
,,,,,,,,0,"000000000000","000000000000-0000",533,true,true,true,true,false
,,,,,,,,0,"000000000000","000000000000-0000",534,true,true,true,true,false
,,,,,,,,0,"000000000000","000000000000-0000",535,true,true,true,true,false
,,,,,,,,0,"000000000000","000000000000-0000",536,true,true,true,true,false
,,,,,,,,0,"000000000000","000000000000-0000",537,true,true,true,true,false
,,,,,,,,0,"000000000000","000000000000-0000",538,true,true,true,true,false
,,,,,,,,0,"000000000000","000000000000-0000",539,true,true,true,true,false
,,,,,,,,0,"000000000000","000000000000-0000",540,true,true,true,true,false
,,,,,,,,0,"000000000000","000000000000-0000",541,true,true,true,true,false
,,,,,,,,0,"000000000000","000000000000-0000",542,true,true,true,true,false
,,,,,,,,0,"000000000000","000000000000-0000",543,true,true,true,true,false
,,,,,,,,0,"000000000000","000000000000-0000",544,true,true,true,true,false
,,,,,,,,0,"000000000000","000000000000-0000",545,true,true,true,true,false
,,,,,,,,0,"000000000000","000000000000-0000",546,true,true,true,true,false
,,,,,,,,0,"000000000000","000000000000-0000",547,true,true,true,true,false
,,,,,,,,0,"000000000000","000000000000-0000",548,true,true,true,true,false
,,,,,,,,0,"000000000000","000000000000-0000",549,true,true,true,true,false
,,,,,,,,0,"000000000000","000000000000-0000",550,true,true,true,true,false
,,,,,,,,0,"000000000000","000000000000-0000",551,true,true,true,true,false
,,,,,,,,0,"000000000000","000000000000-0000",552,true,true,true,true,false
,,,,,,,,0,"000000000000","000000000000-0000",553,true,true,true,true,false
,,,,,,,,0,"000000000000","000000000000-0000",554,true,true,true,true,false
,,,,,,,,0,"000000000000","000000000000-0000",555,true,true,true,true,false
,,,,,,,,0,"000000000000","000000000000-0000",556,true,true,true,true,false
,,,,,,,,0,"000000000000","000000000000-0000",557,true,true,true,true,false
,,,,,,,,0,"000000000000","000000000000-0000",558,true,true,true,true,false
,,,,,,,,0,"000000000000","000000000000-0000",559,true,true,true,true,false
,,,,,,,,0,"000000000000","000000000000-0000",560,true,true,true,true,false
,,,,,,,,0,"000000000000","000000000000-0000",561,true,true,true,true,false
,,,,,,,,0,"000000000000","000000000000-0000",562,true,true,true,true,false
,,,,,,,,0,"000000000000","000000000000-0000",563,true,true,true,true,false
,,,,,,,,0,"000000000000","000000000000-0000",564,true,true,true,true,false
,,,,,,,,0,"000000000000","000000000000-0000",565,true,true,true,true,false
,,,,,,,,0,"000000000000","000000000000-0000",566,true,true,true,true,false
,,,,,,,,0,"000000000000","000000000000-0000",567,true,true,true,true,false
,,,,,,,,0,"000000000000","000000000000-0000",568,true,true,true,true,false
,,,,,,,,0,"000000000000","000000000000-0000",569,true,true,true,true,false
,,,,,,,,0,"000000000000","000000000000-0000",570,true,true,true,true,false
,,,,,,,,0,"000000000000","000000000000-0000",571,true,true,true,true,false
,,,,,,,,0,"000000000000","000000000000-0000",572,true,true,true,true,false
,,,,,,,,0,"000000000000","000000000000-0000",573,true,true,true,true,false
,,,,,,,,0,"000000000000","000000000000-0000",574,true,true,true,true,false
,,,,,,,,0,"000000000000","000000000000-0000",575,true,true,true,true,false
,,,,,,,,0,"000000000000","000000000000-0000",576,true,true,true,true,false
,,,,,,,,0,"000000000000","000000000000-0000",577,true,true,true,true,false
,,,,,,,,0,"000000000000","000000000000-0000",578,true,true,true,true,false
,,,,,,,,0,"000000000000","000000000000-0000",579,true,true,true,true,false
,,,,,,,,0,"000000000000","000000000000-0000",580,true,true,true,true,false
,,,,,,,,0,"000000000000","000000000000-0000",581,true,true,true,true,false
,,,,,,,,0,"000000000000","000000000000-0000",582,true,true,true,true,false
,,,,,,,,0,"000000000000","000000000000-0000",583,true,true,true,true,false
,,,,,,,,0,"000000000000","000000000000-0000",584,true,true,true,true,false
,,,,,,,,0,"000000000000","000000000000-0000",585,true,true,true,true,false
,,,,,,,,0,"000000000000","000000000000-0000",586,true,true,true,true,false
,,,,,,,,0,"000000000000","000000000000-0000",587,true,true,true,true,false
,,,,,,,,0,"000000000000","000000000000-0000",588,true,true,true,true,false
,,,,,,,,0,"000000000000","000000000000-0000",589,true,true,true,true,false
,,,,,,,,0,"000000000000","000000000000-0000",590,true,true,true,true,false
,,,,,,,,0,"000000000000","000000000000-0000",591,true,true,true,true,false
,,,,,,,,0,"000000000000","000000000000-0000",592,true,true,true,true,false
,,,,,,,,0,"000000000000","000000000000-0000",593,true,true,true,true,false
,,,,,,,,0,"000000000000","000000000000-0000",594,true,true,true,true,false
,,,,,,,,0,"000000000000","000000000000-0000",595,true,true,true,true,false
,,,,,,,,0,"000000000000","000000000000-0000",596,true,true,true,true,false
,,,,,,,,0,"000000000000","000000000000-0000",597,true,true,true,true,false
,,,,,,,,0,"000000000000","000000000000-0000",598,true,true,true,true,false
,,,,,,,,0,"000000000000","000000000000-0000",599,true,true,true,true,false
,,,,,,,,0,"000000000000","000000000000-0000",600,true,true,true,true,false
,,,,,,,,0,"000000000000","000000000000-0000",601,true,true,true,true,false
,,,,,,,,0,"000000000000","000000000000-0000",602,true,true,true,true,false
,,,,,,,,0,"000000000000","000000000000-0000",603,true,true,true,true,false
,,,,,,,,0,"000000000000","000000000000-0000",604,true,true,true,true,false
,,,,,,,,0,"000000000000","000000000000-0000",605,true,true,true,true,false
,,,,,,,,0,"000000000000","000000000000-0000",606,true,true,true,true,false
,,,,,,,,0,"000000000000","000000000000-0000",607,true,true,true,true,false
,,,,,,,,0,"000000000000","000000000000-0000",608,true,true,true,true,false
,,,,,,,,0,"000000000000","000000000000-0000",609,true,true,true,true,false
,,,,,,,,0,"000000000000","000000000000-0000",610,true,true,true,true,false
,,,,,,,,0,"000000000000","000000000000-0000",611,true,true,true,true,false
,,,,,,,,0,"000000000000","000000000000-0000",612,true,true,true,true,false
,,,,,,,,0,"000000000000","000000000000-0000",613,true,true,true,true,false
,,,,,,,,0,"000000000000","000000000000-0000",614,true,true,true,true,false
,,,,,,,,0,"000000000000","000000000000-0000",615,true,true,true,true,false
,,,,,,,,0,"000000000000","000000000000-0000",616,true,true,true,true,false
,,,,,,,,0,"000000000000","000000000000-0000",617,true,true,true,true,false
,,,,,,,,0,"000000000000","000000000000-0000",618,true,true,true,true,false
,,,,,,,,0,"000000000000","000000000000-0000",619,true,true,true,true,false
,,,,,,,,0,"000000000000","000000000000-0000",620,true,true,true,true,false
,,,,,,,,0,"000000000000","000000000000-0000",621,true,true,true,true,false
,,,,,,,,0,"000000000000","000000000000-0000",622,true,true,true,true,false
,,,,,,,,0,"000000000000","000000000000-0000",623,true,true,true,true,false
,,,,,,,,0,"000000000000","000000000000-0000",624,true,true,true,true,false
,,,,,,,,0,"000000000000","000000000000-0000",625,true,true,true,true,false
,,,,,,,,0,"000000000000","000000000000-0000",626,true,true,true,true,false
,,,,,,,,0,"000000000000","000000000000-0000",627,true,true,true,true,false
,,,,,,,,0,"000000000000","000000000000-0000",628,true,true,true,true,false
,,,,,,,,0,"000000000000","000000000000-0000",629,true,true,true,true,false
,,,,,,,,0,"000000000000","000000000000-0000",630,true,true,true,true,false
,,,,,,,,0,"000000000000","000000000000-0000",631,true,true,true,true,false
,,,,,,,,0,"000000000000","000000000000-0000",632,true,true,true,true,false
,,,,,,,,0,"000000000000","000000000000-0000",633,true,true,true,true,false
,,,,,,,,0,"000000000000","000000000000-0000",634,true,true,true,true,false
,,,,,,,,0,"000000000000","000000000000-0000",635,true,true,true,true,false
,,,,,,,,0,"000000000000","000000000000-0000",636,true,true,true,true,false
,,,,,,,,0,"000000000000","000000000000-0000",637,true,true,true,true,false
,,,,,,,,0,"000000000000","000000000000-0000",638,true,true,true,true,false
,,,,,,,,0,"000000000000","000000000000-0000",639,true,true,true,true,false
,,,,,,,,0,"000000000000","000000000000-0000",640,true,true,true,true,false
,,,,,,,,0,"000000000000","000000000000-0000",641,true,true,true,true,false
,,,,,,,,0,"000000000000","000000000000-0000",642,true,true,true,true,false
,,,,,,,,0,"000000000000","000000000000-0000",643,true,true,true,true,false
,,,,,,,,0,"000000000000","000000000000-0000",644,true,true,true,true,false
,,,,,,,,0,"000000000000","000000000000-0000",645,true,true,true,true,false
,,,,,,,,0,"000000000000","000000000000-0000",646,true,true,true,true,false
,,,,,,,,0,"000000000000","000000000000-0000",647,true,true,true,true,false
,,,,,,,,0,"000000000000","000000000000-0000",648,true,true,true,true,false
,,,,,,,,0,"000000000000","000000000000-0000",649,true,true,true,true,false
,,,,,,,,0,"000000000000","000000000000-0000",650,true,true,true,true,false
,,,,,,,,0,"000000000000","000000000000-0000",651,true,true,true,true,false
,,,,,,,,0,"000000000000","000000000000-0000",652,true,true,true,true,false
,,,,,,,,0,"000000000000","000000000000-0000",653,true,true,true,true,false
,,,,,,,,0,"000000000000","000000000000-0000",654,true,true,true,true,false
,,,,,,,,0,"000000000000","000000000000-0000",655,true,true,true,true,false
,,,,,,,,0,"000000000000","000000000000-0000",656,true,true,true,true,false
,,,,,,,,0,"000000000000","000000000000-0000",657,true,true,true,true,false
,,,,,,,,0,"000000000000","000000000000-0000",658,true,true,true,true,false
,,,,,,,,0,"000000000000","000000000000-0000",659,true,true,true,true,false
,,,,,,,,0,"000000000000","000000000000-0000",660,true,true,true,true,false
,,,,,,,,0,"000000000000","000000000000-0000",661,true,true,true,true,false
,,,,,,,,0,"000000000000","000000000000-0000",662,true,true,true,true,false
,,,,,,,,0,"000000000000","000000000000-0000",663,true,true,true,true,false
,,,,,,,,0,"000000000000","000000000000-0000",664,true,true,true,true,false
,,,,,,,,0,"000000000000","000000000000-0000",665,true,true,true,true,false
,,,,,,,,0,"000000000000","000000000000-0000",666,true,true,true,true,false
,,,,,,,,0,"000000000000","000000000000-0000",667,true,true,true,true,false
,,,,,,,,0,"000000000000","000000000000-0000",668,true,true,true,true,false
,,,,,,,,0,"000000000000","000000000000-0000",669,true,true,true,true,false
,,,,,,,,0,"000000000000","000000000000-0000",670,true,true,true,true,false
,,,,,,,,0,"000000000000","000000000000-0000",671,true,true,true,true,false
,,,,,,,,0,"000000000000","000000000000-0000",672,true,true,true,true,false
,,,,,,,,0,"000000000000","000000000000-0000",673,true,true,true,true,false
,,,,,,,,0,"000000000000","000000000000-0000",674,true,true,true,true,false
,,,,,,,,0,"000000000000","000000000000-0000",675,true,true,true,true,false
,,,,,,,,0,"000000000000","000000000000-0000",676,true,true,true,true,false
,,,,,,,,0,"000000000000","000000000000-0000",677,true,true,true,true,false
,,,,,,,,0,"000000000000","000000000000-0000",678,true,true,true,true,false
,,,,,,,,0,"000000000000","000000000000-0000",679,true,true,true,true,false
,,,,,,,,0,"000000000000","000000000000-0000",680,true,true,true,true,false
,,,,,,,,0,"000000000000","000000000000-0000",681,true,true,true,true,false
,,,,,,,,0,"000000000000","000000000000-0000",682,true,true,true,true,false
,,,,,,,,0,"000000000000","000000000000-0000",683,true,true,true,true,false
,,,,,,,,0,"000000000000","000000000000-0000",684,true,true,true,true,false
,,,,,,,,0,"000000000000","000000000000-0000",685,true,true,true,true,false
,,,,,,,,0,"000000000000","000000000000-0000",686,true,true,true,true,false
,,,,,,,,0,"000000000000","000000000000-0000",687,true,true,true,true,false
,,,,,,,,0,"000000000000","000000000000-0000",688,true,true,true,true,false
,,,,,,,,0,"000000000000","000000000000-0000",689,true,true,true,true,false
,,,,,,,,0,"000000000000","000000000000-0000",690,true,true,true,true,false
,,,,,,,,0,"000000000000","000000000000-0000",691,true,true,true,true,false
,,,,,,,,0,"000000000000","000000000000-0000",692,true,true,true,true,false
,,,,,,,,0,"000000000000","000000000000-0000",693,true,true,true,true,false
,,,,,,,,0,"000000000000","000000000000-0000",694,true,true,true,true,false
,,,,,,,,0,"000000000000","000000000000-0000",695,true,true,true,true,false
,,,,,,,,0,"000000000000","000000000000-0000",696,true,true,true,true,false
,,,,,,,,0,"000000000000","000000000000-0000",697,true,true,true,true,false
,,,,,,,,0,"000000000000","000000000000-0000",698,true,true,true,true,false
,,,,,,,,0,"000000000000","000000000000-0000",699,true,true,true,true,false
,,,,,,,,0,"000000000000","000000000000-0000",700,true,true,true,true,false
,,,,,,,,0,"000000000000","000000000000-0000",701,true,true,true,true,false
,,,,,,,,0,"000000000000","000000000000-0000",702,true,true,true,true,false
,,,,,,,,0,"000000000000","000000000000-0000",703,true,true,true,true,false
,,,,,,,,0,"000000000000","000000000000-0000",704,true,true,true,true,false
,,,,,,,,0,"000000000000","000000000000-0000",705,true,true,true,true,false
,,,,,,,,0,"000000000000","000000000000-0000",706,true,true,true,true,false
,,,,,,,,0,"000000000000","000000000000-0000",707,true,true,true,true,false
,,,,,,,,0,"000000000000","000000000000-0000",708,true,true,true,true,false
,,,,,,,,0,"000000000000","000000000000-0000",709,true,true,true,true,false
,,,,,,,,0,"000000000000","000000000000-0000",710,true,true,true,true,false
,,,,,,,,0,"000000000000","000000000000-0000",711,true,true,true,true,false
,,,,,,,,0,"000000000000","000000000000-0000",712,true,true,true,true,false
,,,,,,,,0,"000000000000","000000000000-0000",713,true,true,true,true,false
,,,,,,,,0,"000000000000","000000000000-0000",714,true,true,true,true,false
,,,,,,,,0,"000000000000","000000000000-0000",715,true,true,true,true,false
,,,,,,,,0,"000000000000","000000000000-0000",716,true,true,true,true,false
,,,,,,,,0,"000000000000","000000000000-0000",717,true,true,true,true,false
,,,,,,,,0,"000000000000","000000000000-0000",718,true,true,true,true,false
,,,,,,,,0,"000000000000","000000000000-0000",719,true,true,true,true,false
,,,,,,,,0,"000000000000","000000000000-0000",720,true,true,true,true,false
,,,,,,,,0,"000000000000","000000000000-0000",721,true,true,true,true,false
,,,,,,,,0,"000000000000","000000000000-0000",722,true,true,true,true,false
,,,,,,,,0,"000000000000","000000000000-0000",723,true,true,true,true,false
,,,,,,,,0,"000000000000","000000000000-0000",724,true,true,true,true,false
,,,,,,,,0,"000000000000","000000000000-0000",725,true,true,true,true,false
,,,,,,,,0,"000000000000","000000000000-0000",726,true,true,true,true,false
,,,,,,,,0,"000000000000","000000000000-0000",727,true,true,true,true,false
,,,,,,,,0,"000000000000","000000000000-0000",728,true,true,true,true,false
,,,,,,,,0,"000000000000","000000000000-0000",729,true,true,true,true,false
,,,,,,,,0,"000000000000","000000000000-0000",730,true,true,true,true,false
,,,,,,,,0,"000000000000","000000000000-0000",731,true,true,true,true,false
,,,,,,,,0,"000000000000","000000000000-0000",732,true,true,true,true,false
,,,,,,,,0,"000000000000","000000000000-0000",733,true,true,true,true,false
,,,,,,,,0,"000000000000","000000000000-0000",734,true,true,true,true,false
,,,,,,,,0,"000000000000","000000000000-0000",735,true,true,true,true,false
,,,,,,,,0,"000000000000","000000000000-0000",736,true,true,true,true,false
,,,,,,,,0,"000000000000","000000000000-0000",737,true,true,true,true,false
,,,,,,,,0,"000000000000","000000000000-0000",738,true,true,true,true,false
,,,,,,,,0,"000000000000","000000000000-0000",739,true,true,true,true,false
,,,,,,,,0,"000000000000","000000000000-0000",740,true,true,true,true,false
,,,,,,,,0,"000000000000","000000000000-0000",741,true,true,true,true,false
,,,,,,,,0,"000000000000","000000000000-0000",742,true,true,true,true,false
,,,,,,,,0,"000000000000","000000000000-0000",743,true,true,true,true,false
,,,,,,,,0,"000000000000","000000000000-0000",744,true,true,true,true,false
,,,,,,,,0,"000000000000","000000000000-0000",745,true,true,true,true,false
,,,,,,,,0,"000000000000","000000000000-0000",746,true,true,true,true,false
,,,,,,,,0,"000000000000","000000000000-0000",747,true,true,true,true,false
,,,,,,,,0,"000000000000","000000000000-0000",748,true,true,true,true,false
,,,,,,,,0,"000000000000","000000000000-0000",749,true,true,true,true,false
,,,,,,,,0,"000000000000","000000000000-0000",750,true,true,true,true,false
,,,,,,,,0,"000000000000","000000000000-0000",751,true,true,true,true,false
,,,,,,,,0,"000000000000","000000000000-0000",752,true,true,true,true,false
,,,,,,,,0,"000000000000","000000000000-0000",753,true,true,true,true,false
,,,,,,,,0,"000000000000","000000000000-0000",754,true,true,true,true,false
,,,,,,,,0,"000000000000","000000000000-0000",755,true,true,true,true,false
,,,,,,,,0,"000000000000","000000000000-0000",756,true,true,true,true,false
,,,,,,,,0,"000000000000","000000000000-0000",757,true,true,true,true,false
,,,,,,,,0,"000000000000","000000000000-0000",758,true,true,true,true,false
,,,,,,,,0,"000000000000","000000000000-0000",759,true,true,true,true,false
,,,,,,,,0,"000000000000","000000000000-0000",760,true,true,true,true,false
,,,,,,,,0,"000000000000","000000000000-0000",761,true,true,true,true,false
,,,,,,,,0,"000000000000","000000000000-0000",762,true,true,true,true,false
,,,,,,,,0,"000000000000","000000000000-0000",763,true,true,true,true,false
,,,,,,,,0,"000000000000","000000000000-0000",764,true,true,true,true,false
,,,,,,,,0,"000000000000","000000000000-0000",765,true,true,true,true,false
,,,,,,,,0,"000000000000","000000000000-0000",766,true,true,true,true,false
,,,,,,,,0,"000000000000","000000000000-0000",767,true,true,true,true,false
,,,,,,,,0,"000000000000","000000000000-0000",768,true,true,true,true,false
,,,,,,,,0,"000000000000","000000000000-0000",769,true,true,true,true,false
,,,,,,,,0,"000000000000","000000000000-0000",770,true,true,true,true,false
,,,,,,,,0,"000000000000","000000000000-0000",771,true,true,true,true,false
,,,,,,,,0,"000000000000","000000000000-0000",772,true,true,true,true,false
,,,,,,,,0,"000000000000","000000000000-0000",773,true,true,true,true,false
,,,,,,,,0,"000000000000","000000000000-0000",774,true,true,true,true,false
,,,,,,,,0,"000000000000","000000000000-0000",775,true,true,true,true,false
,,,,,,,,0,"000000000000","000000000000-0000",776,true,true,true,true,false
,,,,,,,,0,"000000000000","000000000000-0000",777,true,true,true,true,false
,,,,,,,,0,"000000000000","000000000000-0000",778,true,true,true,true,false
,,,,,,,,0,"000000000000","000000000000-0000",779,true,true,true,true,false
,,,,,,,,0,"000000000000","000000000000-0000",780,true,true,true,true,false
,,,,,,,,0,"000000000000","000000000000-0000",781,true,true,true,true,false
,,,,,,,,0,"000000000000","000000000000-0000",782,true,true,true,true,false
,,,,,,,,0,"000000000000","000000000000-0000",783,true,true,true,true,false
,,,,,,,,0,"000000000000","000000000000-0000",784,true,true,true,true,false
,,,,,,,,0,"000000000000","000000000000-0000",785,true,true,true,true,false
,,,,,,,,0,"000000000000","000000000000-0000",786,true,true,true,true,false
,,,,,,,,0,"000000000000","000000000000-0000",787,true,true,true,true,false
,,,,,,,,0,"000000000000","000000000000-0000",788,true,true,true,true,false
,,,,,,,,0,"000000000000","000000000000-0000",789,true,true,true,true,false
,,,,,,,,0,"000000000000","000000000000-0000",790,true,true,true,true,false
,,,,,,,,0,"000000000000","000000000000-0000",791,true,true,true,true,false
,,,,,,,,0,"000000000000","000000000000-0000",792,true,true,true,true,false
,,,,,,,,0,"000000000000","000000000000-0000",793,true,true,true,true,false
,,,,,,,,0,"000000000000","000000000000-0000",794,true,true,true,true,false
,,,,,,,,0,"000000000000","000000000000-0000",795,true,true,true,true,false
,,,,,,,,0,"000000000000","000000000000-0000",796,true,true,true,true,false
,,,,,,,,0,"000000000000","000000000000-0000",797,true,true,true,true,false
,,,,,,,,0,"000000000000","000000000000-0000",798,true,true,true,true,false
,,,,,,,,0,"000000000000","000000000000-0000",799,true,true,true,true,false
,,,,,,,,0,"000000000000","000000000000-0000",800,true,true,true,true,false
,,,,,,,,0,"000000000000","000000000000-0000",801,true,true,true,true,false
,,,,,,,,0,"000000000000","000000000000-0000",802,true,true,true,true,false
,,,,,,,,0,"000000000000","000000000000-0000",803,true,true,true,true,false
,,,,,,,,0,"000000000000","000000000000-0000",804,true,true,true,true,false
,,,,,,,,0,"000000000000","000000000000-0000",805,true,true,true,true,false
,,,,,,,,0,"000000000000","000000000000-0000",806,true,true,true,true,false
,,,,,,,,0,"000000000000","000000000000-0000",807,true,true,true,true,false
,,,,,,,,0,"000000000000","000000000000-0000",808,true,true,true,true,false
,,,,,,,,0,"000000000000","000000000000-0000",809,true,true,true,true,false
,,,,,,,,0,"000000000000","000000000000-0000",810,true,true,true,true,false
,,,,,,,,0,"000000000000","000000000000-0000",811,true,true,true,true,false
,,,,,,,,0,"000000000000","000000000000-0000",812,true,true,true,true,false
,,,,,,,,0,"000000000000","000000000000-0000",813,true,true,true,true,false
,,,,,,,,0,"000000000000","000000000000-0000",814,true,true,true,true,false
,,,,,,,,0,"000000000000","000000000000-0000",815,true,true,true,true,false
,,,,,,,,0,"000000000000","000000000000-0000",816,true,true,true,true,false
,,,,,,,,0,"000000000000","000000000000-0000",817,true,true,true,true,false
,,,,,,,,0,"000000000000","000000000000-0000",818,true,true,true,true,false
,,,,,,,,0,"000000000000","000000000000-0000",819,true,true,true,true,false
,,,,,,,,0,"000000000000","000000000000-0000",820,true,true,true,true,false
,,,,,,,,0,"000000000000","000000000000-0000",821,true,true,true,true,false
,,,,,,,,0,"000000000000","000000000000-0000",822,true,true,true,true,false
,,,,,,,,0,"000000000000","000000000000-0000",823,true,true,true,true,false
,,,,,,,,0,"000000000000","000000000000-0000",824,true,true,true,true,false
,,,,,,,,0,"000000000000","000000000000-0000",825,true,true,true,true,false
,,,,,,,,0,"000000000000","000000000000-0000",826,true,true,true,true,false
,,,,,,,,0,"000000000000","000000000000-0000",827,true,true,true,true,false
,,,,,,,,0,"000000000000","000000000000-0000",828,true,true,true,true,false
,,,,,,,,0,"000000000000","000000000000-0000",829,true,true,true,true,false
,,,,,,,,0,"000000000000","000000000000-0000",830,true,true,true,true,false
,,,,,,,,0,"000000000000","000000000000-0000",831,true,true,true,true,false
,,,,,,,,0,"000000000000","000000000000-0000",832,true,true,true,true,false
,,,,,,,,0,"000000000000","000000000000-0000",833,true,true,true,true,false
,,,,,,,,0,"000000000000","000000000000-0000",834,true,true,true,true,false
,,,,,,,,0,"000000000000","000000000000-0000",835,true,true,true,true,false
,,,,,,,,0,"000000000000","000000000000-0000",836,true,true,true,true,false
,,,,,,,,0,"000000000000","000000000000-0000",837,true,true,true,true,false
,,,,,,,,0,"000000000000","000000000000-0000",838,true,true,true,true,false
,,,,,,,,0,"000000000000","000000000000-0000",839,true,true,true,true,false
,,,,,,,,0,"000000000000","000000000000-0000",840,true,true,true,true,false
,,,,,,,,0,"000000000000","000000000000-0000",841,true,true,true,true,false
,,,,,,,,0,"000000000000","000000000000-0000",842,true,true,true,true,false
,,,,,,,,0,"000000000000","000000000000-0000",843,true,true,true,true,false
,,,,,,,,0,"000000000000","000000000000-0000",844,true,true,true,true,false
,,,,,,,,0,"000000000000","000000000000-0000",845,true,true,true,true,false
,,,,,,,,0,"000000000000","000000000000-0000",846,true,true,true,true,false
,,,,,,,,0,"000000000000","000000000000-0000",847,true,true,true,true,false
,,,,,,,,0,"000000000000","000000000000-0000",848,true,true,true,true,false
,,,,,,,,0,"000000000000","000000000000-0000",849,true,true,true,true,false
,,,,,,,,0,"000000000000","000000000000-0000",850,true,true,true,true,false
,,,,,,,,0,"000000000000","000000000000-0000",851,true,true,true,true,false
,,,,,,,,0,"000000000000","000000000000-0000",852,true,true,true,true,false
,,,,,,,,0,"000000000000","000000000000-0000",853,true,true,true,true,false
,,,,,,,,0,"000000000000","000000000000-0000",854,true,true,true,true,false
,,,,,,,,0,"000000000000","000000000000-0000",855,true,true,true,true,false
,,,,,,,,0,"000000000000","000000000000-0000",856,true,true,true,true,false
,,,,,,,,0,"000000000000","000000000000-0000",857,true,true,true,true,false
,,,,,,,,0,"000000000000","000000000000-0000",858,true,true,true,true,false
,,,,,,,,0,"000000000000","000000000000-0000",859,true,true,true,true,false
,,,,,,,,0,"000000000000","000000000000-0000",860,true,true,true,true,false
,,,,,,,,0,"000000000000","000000000000-0000",861,true,true,true,true,false
,,,,,,,,0,"000000000000","000000000000-0000",862,true,true,true,true,false
,,,,,,,,0,"000000000000","000000000000-0000",863,true,true,true,true,false
,,,,,,,,0,"000000000000","000000000000-0000",864,true,true,true,true,false
,,,,,,,,0,"000000000000","000000000000-0000",865,true,true,true,true,false
,,,,,,,,0,"000000000000","000000000000-0000",866,true,true,true,true,false
,,,,,,,,0,"000000000000","000000000000-0000",867,true,true,true,true,false
,,,,,,,,0,"000000000000","000000000000-0000",868,true,true,true,true,false
,,,,,,,,0,"000000000000","000000000000-0000",869,true,true,true,true,false
,,,,,,,,0,"000000000000","000000000000-0000",870,true,true,true,true,false
,,,,,,,,0,"000000000000","000000000000-0000",871,true,true,true,true,false
,,,,,,,,0,"000000000000","000000000000-0000",872,true,true,true,true,false
,,,,,,,,0,"000000000000","000000000000-0000",873,true,true,true,true,false
,,,,,,,,0,"000000000000","000000000000-0000",874,true,true,true,true,false
,,,,,,,,0,"000000000000","000000000000-0000",875,true,true,true,true,false
,,,,,,,,0,"000000000000","000000000000-0000",876,true,true,true,true,false
,,,,,,,,0,"000000000000","000000000000-0000",877,true,true,true,true,false
,,,,,,,,0,"000000000000","000000000000-0000",878,true,true,true,true,false
,,,,,,,,0,"000000000000","000000000000-0000",879,true,true,true,true,false
,,,,,,,,0,"000000000000","000000000000-0000",880,true,true,true,true,false
,,,,,,,,0,"000000000000","000000000000-0000",881,true,true,true,true,false
,,,,,,,,0,"000000000000","000000000000-0000",882,true,true,true,true,false
,,,,,,,,0,"000000000000","000000000000-0000",883,true,true,true,true,false
,,,,,,,,0,"000000000000","000000000000-0000",884,true,true,true,true,false
,,,,,,,,0,"000000000000","000000000000-0000",885,true,true,true,true,false
,,,,,,,,0,"000000000000","000000000000-0000",886,true,true,true,true,false
,,,,,,,,0,"000000000000","000000000000-0000",887,true,true,true,true,false
,,,,,,,,0,"000000000000","000000000000-0000",888,true,true,true,true,false
,,,,,,,,0,"000000000000","000000000000-0000",889,true,true,true,true,false
,,,,,,,,0,"000000000000","000000000000-0000",890,true,true,true,true,false
,,,,,,,,0,"000000000000","000000000000-0000",891,true,true,true,true,false
,,,,,,,,0,"000000000000","000000000000-0000",892,true,true,true,true,false
,,,,,,,,0,"000000000000","000000000000-0000",893,true,true,true,true,false
,,,,,,,,0,"000000000000","000000000000-0000",894,true,true,true,true,false
,,,,,,,,0,"000000000000","000000000000-0000",895,true,true,true,true,false
,,,,,,,,0,"000000000000","000000000000-0000",896,true,true,true,true,false
,,,,,,,,0,"000000000000","000000000000-0000",897,true,true,true,true,false
,,,,,,,,0,"000000000000","000000000000-0000",898,true,true,true,true,false
,,,,,,,,0,"000000000000","000000000000-0000",899,true,true,true,true,false
,,,,,,,,0,"000000000000","000000000000-0000",900,true,true,true,true,false
,,,,,,,,0,"000000000000","000000000000-0000",901,true,true,true,true,false
,,,,,,,,0,"000000000000","000000000000-0000",902,true,true,true,true,false
,,,,,,,,0,"000000000000","000000000000-0000",903,true,true,true,true,false
,,,,,,,,0,"000000000000","000000000000-0000",904,true,true,true,true,false
,,,,,,,,0,"000000000000","000000000000-0000",905,true,true,true,true,false
,,,,,,,,0,"000000000000","000000000000-0000",906,true,true,true,true,false
,,,,,,,,0,"000000000000","000000000000-0000",907,true,true,true,true,false
,,,,,,,,0,"000000000000","000000000000-0000",908,true,true,true,true,false
,,,,,,,,0,"000000000000","000000000000-0000",909,true,true,true,true,false
,,,,,,,,0,"000000000000","000000000000-0000",910,true,true,true,true,false
,,,,,,,,0,"000000000000","000000000000-0000",911,true,true,true,true,false
,,,,,,,,0,"000000000000","000000000000-0000",912,true,true,true,true,false
,,,,,,,,0,"000000000000","000000000000-0000",913,true,true,true,true,false
,,,,,,,,0,"000000000000","000000000000-0000",914,true,true,true,true,false
,,,,,,,,0,"000000000000","000000000000-0000",915,true,true,true,true,false
,,,,,,,,0,"000000000000","000000000000-0000",916,true,true,true,true,false
,,,,,,,,0,"000000000000","000000000000-0000",917,true,true,true,true,false
,,,,,,,,0,"000000000000","000000000000-0000",918,true,true,true,true,false
,,,,,,,,0,"000000000000","000000000000-0000",919,true,true,true,true,false
,,,,,,,,0,"000000000000","000000000000-0000",920,true,true,true,true,false
,,,,,,,,0,"000000000000","000000000000-0000",921,true,true,true,true,false
,,,,,,,,0,"000000000000","000000000000-0000",922,true,true,true,true,false
,,,,,,,,0,"000000000000","000000000000-0000",923,true,true,true,true,false
,,,,,,,,0,"000000000000","000000000000-0000",924,true,true,true,true,true
,,,,,,,,0,"000000000000","000000000000-0000",925,true,true,true,true,true
,,,,,,,,0,"000000000000","000000000000-0000",926,true,true,true,true,true
,,,,,,,,0,"000000000000","000000000000-0000",927,true,true,true,true,true
,,,,,,,,0,"000000000000","000000000000-0000",928,true,true,true,true,true
,,,,,,,,0,"000000000000","000000000000-0000",929,true,true,true,true,true
,,,,,,,,0,"000000000000","000000000000-0000",930,true,true,true,true,true
,,,,,,,,0,"000000000000","000000000000-0000",931,true,true,true,true,false
,,,,,,,,0,"000000000000","000000000000-0000",932,true,true,true,true,false
,,,,,,,,0,"000000000000","000000000000-0000",933,true,true,true,true,false
,,,,,,,,0,"000000000000","000000000000-0000",934,true,true,true,true,false
,,,,,,,,0,"000000000000","000000000000-0000",935,true,true,true,true,false
,,,,,,,,0,"000000000000","000000000000-0000",936,true,true,true,true,false
,,,,,,,,0,"000000000000","000000000000-0000",937,true,true,true,true,false
,,,,,,,,0,"000000000000","000000000000-0000",938,true,true,true,true,false
,,,,,,,,0,"000000000000","000000000000-0000",939,true,true,true,true,false
,,,,,,,,0,"000000000000","000000000000-0000",940,true,true,true,true,false
,,,,,,,,0,"000000000000","000000000000-0000",941,true,true,true,true,false
,,,,,,,,0,"000000000000","000000000000-0000",942,true,true,true,true,false
,,,,,,,,0,"000000000000","000000000000-0000",943,true,true,true,true,false
,,,,,,,,0,"000000000000","000000000000-0000",944,true,true,true,true,false
,,,,,,,,0,"000000000000","000000000000-0000",945,true,true,true,true,false
,,,,,,,,0,"000000000000","000000000000-0000",946,true,true,true,true,false
,,,,,,,,0,"000000000000","000000000000-0000",947,true,true,true,true,false
,,,,,,,,0,"000000000000","000000000000-0000",948,true,true,true,true,false
,,,,,,,,0,"000000000000","000000000000-0000",949,true,true,true,true,false
,,,,,,,,0,"000000000000","000000000000-0000",950,true,true,true,true,false
,,,,,,,,0,"000000000000","000000000000-0000",951,true,true,true,true,false
,,,,,,,,0,"000000000000","000000000000-0000",952,true,true,true,true,false
,,,,,,,,0,"000000000000","000000000000-0000",953,true,true,true,true,false
,,,,,,,,0,"000000000000","000000000000-0000",954,true,true,true,true,false
,,,,,,,,0,"000000000000","000000000000-0000",955,true,true,true,true,false
,,,,,,,,0,"000000000000","000000000000-0000",956,true,true,true,true,false
,,,,,,,,0,"000000000000","000000000000-0000",957,true,true,true,true,false
,,,,,,,,0,"000000000000","000000000000-0000",958,true,true,true,true,false
,,,,,,,,0,"000000000000","000000000000-0000",959,true,true,true,true,false
,,,,,,,,0,"000000000000","000000000000-0000",960,true,true,true,true,false
,,,,,,,,0,"000000000000","000000000000-0000",961,true,true,true,true,false
,,,,,,,,0,"000000000000","000000000000-0000",962,true,true,true,true,false
,,,,,,,,0,"000000000000","000000000000-0000",963,true,true,true,true,false
,,,,,,,,0,"000000000000","000000000000-0000",964,true,true,true,true,false
,,,,,,,,0,"000000000000","000000000000-0000",965,true,true,true,true,false
,,,,,,,,0,"000000000000","000000000000-0000",966,true,true,true,true,false
,,,,,,,,0,"000000000000","000000000000-0000",967,true,true,true,true,false
,,,,,,,,0,"000000000000","000000000000-0000",968,true,true,true,true,false
,,,,,,,,0,"000000000000","000000000000-0000",969,true,true,true,true,false
,,,,,,,,0,"000000000000","000000000000-0000",970,true,true,true,true,false
,,,,,,,,0,"000000000000","000000000000-0000",971,true,true,true,true,false
,,,,,,,,0,"000000000000","000000000000-0000",972,true,true,true,true,false
,,,,,,,,0,"000000000000","000000000000-0000",973,true,true,true,true,false
,,,,,,,,0,"000000000000","000000000000-0000",974,true,true,true,true,false
,,,,,,,,0,"000000000000","000000000000-0000",975,true,true,true,true,false
,,,,,,,,0,"000000000000","000000000000-0000",976,true,true,true,true,false
,,,,,,,,0,"000000000000","000000000000-0000",977,true,true,true,true,false
,,,,,,,,0,"000000000000","000000000000-0000",978,true,true,true,true,false
,,,,,,,,0,"000000000000","000000000000-0000",979,true,true,true,true,false
,,,,,,,,0,"000000000000","000000000000-0000",980,true,true,true,true,false
,,,,,,,,0,"000000000000","000000000000-0000",981,true,true,true,true,false
,,,,,,,,0,"000000000000","000000000000-0000",982,true,true,true,true,false
,,,,,,,,0,"000000000000","000000000000-0000",983,true,true,true,true,false
,,,,,,,,0,"000000000000","000000000000-0000",984,true,true,true,true,false
,,,,,,,,0,"000000000000","000000000000-0000",985,true,true,true,true,false
,,,,,,,,0,"000000000000","000000000000-0000",986,true,true,true,true,false
,,,,,,,,0,"000000000000","000000000000-0000",987,true,true,true,true,false
,,,,,,,,0,"000000000000","000000000000-0000",988,true,true,true,true,false
,,,,,,,,0,"000000000000","000000000000-0000",989,true,true,true,true,false
,,,,,,,,0,"000000000000","000000000000-0000",990,true,true,true,true,false
,,,,,,,,0,"000000000000","000000000000-0000",991,true,true,true,true,false
,,,,,,,,0,"000000000000","000000000000-0000",992,true,true,true,true,false
,,,,,,,,0,"000000000000","000000000000-0000",993,true,true,true,true,false
,,,,,,,,0,"000000000000","000000000000-0000",994,true,true,true,true,false
,,,,,,,,0,"000000000000","000000000000-0000",995,true,true,true,true,false
,,,,,,,,0,"000000000000","000000000000-0000",996,true,true,true,true,false
,,,,,,,,0,"000000000000","000000000000-0000",997,true,true,true,true,false
,,,,,,,,0,"000000000000","000000000000-0000",998,true,true,true,true,false
,,,,,,,,0,"000000000000","000000000000-0000",999,true,true,true,true,false
,,,,,,,,0,"000000000000","000000000000-0000",1000,true,true,true,true,false
,,,,,,,,0,"000000000000","000000000000-0000",1001,true,true,true,true,false
,,,,,,,,0,"000000000000","000000000000-0000",1002,true,true,true,true,false
,,,,,,,,0,"000000000000","000000000000-0000",1003,true,true,true,true,false
,,,,,,,,0,"000000000000","000000000000-0000",1004,true,true,true,true,false
,,,,,,,,0,"000000000000","000000000000-0000",1005,true,true,true,true,false
,,,,,,,,0,"000000000000","000000000000-0000",1006,true,true,true,true,false
,,,,,,,,0,"000000000000","000000000000-0000",1007,true,true,true,true,false
,,,,,,,,0,"000000000000","000000000000-0000",1008,true,true,true,true,false
,,,,,,,,0,"000000000000","000000000000-0000",1009,true,true,true,true,false
,,,,,,,,0,"000000000000","000000000000-0000",1010,true,true,true,true,false
,,,,,,,,0,"000000000000","000000000000-0000",1011,true,true,true,true,false
,,,,,,,,0,"000000000000","000000000000-0000",1012,true,true,true,true,false
,,,,,,,,0,"000000000000","000000000000-0000",1013,true,true,true,true,false
,,,,,,,,0,"000000000000","000000000000-0000",1014,true,true,true,true,false
,,,,,,,,0,"000000000000","000000000000-0000",1015,true,true,true,true,false
,,,,,,,,0,"000000000000","000000000000-0000",1016,true,true,true,true,false
,,,,,,,,0,"000000000000","000000000000-0000",1017,true,true,true,true,false
,,,,,,,,0,"000000000000","000000000000-0000",1018,true,true,true,true,false
,,,,,,,,0,"000000000000","000000000000-0000",1019,true,true,true,true,false
,,,,,,,,0,"000000000000","000000000000-0000",1020,true,true,true,true,false
,,,,,,,,0,"000000000000","000000000000-0000",1021,true,true,true,true,false
,,,,,,,,0,"000000000000","000000000000-0000",1022,true,true,true,true,false
,,,,,,,,0,"000000000000","000000000000-0000",1023,true,true,true,true,false
,,,,,,,,0,"000000000000","000000000000-0000",1024,true,true,true,true,false
,,,,,,,,0,"000000000000","000000000000-0000",1025,true,true,true,true,false
,,,,,,,,0,"000000000000","000000000000-0000",1026,true,true,true,true,false
,,,,,,,,0,"000000000000","000000000000-0000",1027,true,true,true,true,false
,,,,,,,,0,"000000000000","000000000000-0000",1028,true,true,true,true,false
,,,,,,,,0,"000000000000","000000000000-0000",1029,true,true,true,true,false
,,,,,,,,0,"000000000000","000000000000-0000",1030,true,true,true,true,false
,,,,,,,,0,"000000000000","000000000000-0000",1031,true,true,true,true,false
,,,,,,,,0,"000000000000","000000000000-0000",1032,true,true,true,true,false
,,,,,,,,0,"000000000000","000000000000-0000",1033,true,true,true,true,false
,,,,,,,,0,"000000000000","000000000000-0000",1034,true,true,true,true,false
,,,,,,,,0,"000000000000","000000000000-0000",1035,true,true,true,true,false
,,,,,,,,0,"000000000000","000000000000-0000",1036,true,true,true,true,false
,,,,,,,,0,"000000000000","000000000000-0000",1037,true,true,true,true,false
,,,,,,,,0,"000000000000","000000000000-0000",1038,true,true,true,true,false
,,,,,,,,0,"000000000000","000000000000-0000",1039,true,true,true,true,false
,,,,,,,,0,"000000000000","000000000000-0000",1040,true,true,true,true,false
,,,,,,,,0,"000000000000","000000000000-0000",1041,true,true,true,true,false
,,,,,,,,0,"000000000000","000000000000-0000",1042,true,true,true,true,false
,,,,,,,,0,"000000000000","000000000000-0000",1043,true,true,true,true,false
,,,,,,,,0,"000000000000","000000000000-0000",1044,true,true,true,true,false
,,,,,,,,0,"000000000000","000000000000-0000",1045,true,true,true,true,false
,,,,,,,,0,"000000000000","000000000000-0000",1046,true,true,true,true,false
,,,,,,,,0,"000000000000","000000000000-0000",1047,true,true,true,true,false
,,,,,,,,0,"000000000000","000000000000-0000",1048,true,true,true,true,false
,,,,,,,,0,"000000000000","000000000000-0000",1049,true,true,true,true,false
,,,,,,,,0,"000000000000","000000000000-0000",1050,true,true,true,true,false
,,,,,,,,0,"000000000000","000000000000-0000",1051,true,true,true,true,false
,,,,,,,,0,"000000000000","000000000000-0000",1052,true,true,true,true,false
,,,,,,,,0,"000000000000","000000000000-0000",1053,true,true,true,true,false
,,,,,,,,0,"000000000000","000000000000-0000",1054,true,true,true,true,false
,,,,,,,,0,"000000000000","000000000000-0000",1055,true,true,true,true,false
,,,,,,,,0,"000000000000","000000000000-0000",1056,true,true,true,true,false
,,,,,,,,0,"000000000000","000000000000-0000",1057,true,true,true,true,false
,,,,,,,,0,"000000000000","000000000000-0000",1058,true,true,true,true,false
,,,,,,,,0,"000000000000","000000000000-0000",1059,true,true,true,true,false
,,,,,,,,0,"000000000000","000000000000-0000",1060,true,true,true,true,false
,,,,,,,,0,"000000000000","000000000000-0000",1061,true,true,true,true,false
,,,,,,,,0,"000000000000","000000000000-0000",1062,true,true,true,true,false
,,,,,,,,0,"000000000000","000000000000-0000",1063,true,true,true,true,false
,,,,,,,,0,"000000000000","000000000000-0000",1064,true,true,true,true,false
,,,,,,,,0,"000000000000","000000000000-0000",1065,true,true,true,true,false
,,,,,,,,0,"000000000000","000000000000-0000",1066,true,true,true,true,false
,,,,,,,,0,"000000000000","000000000000-0000",1067,true,true,true,true,false
,,,,,,,,0,"000000000000","000000000000-0000",1068,true,true,true,true,false
,,,,,,,,0,"000000000000","000000000000-0000",1069,true,true,true,true,false
,,,,,,,,0,"000000000000","000000000000-0000",1070,true,true,true,true,false
,,,,,,,,0,"000000000000","000000000000-0000",1071,true,true,true,true,false
,,,,,,,,0,"000000000000","000000000000-0000",1072,true,true,true,true,false
,,,,,,,,0,"000000000000","000000000000-0000",1073,true,true,true,true,false
,,,,,,,,0,"000000000000","000000000000-0000",1074,true,true,true,true,false
,,,,,,,,0,"000000000000","000000000000-0000",1075,true,true,true,true,false
,,,,,,,,0,"000000000000","000000000000-0000",1076,true,true,true,true,false
,,,,,,,,0,"000000000000","000000000000-0000",1077,true,true,true,true,false
,,,,,,,,0,"000000000000","000000000000-0000",1078,true,true,true,true,false
,,,,,,,,0,"000000000000","000000000000-0000",1079,true,true,true,true,false
,,,,,,,,0,"000000000000","000000000000-0000",1080,true,true,true,true,false
,,,,,,,,0,"000000000000","000000000000-0000",1081,true,true,true,true,false
,,,,,,,,0,"000000000000","000000000000-0000",1082,true,true,true,true,false
,,,,,,,,0,"000000000000","000000000000-0000",1083,true,true,true,true,false
,,,,,,,,0,"000000000000","000000000000-0000",1084,true,true,true,true,false
,,,,,,,,0,"000000000000","000000000000-0000",1085,true,true,true,true,false
,,,,,,,,0,"000000000000","000000000000-0000",1086,true,true,true,true,false
,,,,,,,,0,"000000000000","000000000000-0000",1087,true,true,true,true,false
,,,,,,,,0,"000000000000","000000000000-0000",1088,true,true,true,true,false
,,,,,,,,0,"000000000000","000000000000-0000",1089,true,true,true,true,false
,,,,,,,,0,"000000000000","000000000000-0000",1090,true,true,true,true,false
,,,,,,,,0,"000000000000","000000000000-0000",1091,true,true,true,true,false
,,,,,,,,0,"000000000000","000000000000-0000",1092,true,true,true,true,false
,,,,,,,,0,"000000000000","000000000000-0000",1093,true,true,true,true,false
,,,,,,,,0,"000000000000","000000000000-0000",1094,true,true,true,true,false
,,,,,,,,0,"000000000000","000000000000-0000",1095,true,true,true,true,false
,,,,,,,,0,"000000000000","000000000000-0000",1096,true,true,true,true,false
,,,,,,,,0,"000000000000","000000000000-0000",1097,true,true,true,true,false
,,,,,,,,0,"000000000000","000000000000-0000",1098,true,true,true,true,false
,,,,,,,,0,"000000000000","000000000000-0000",1099,true,true,true,true,false
,,,,,,,,0,"000000000000","000000000000-0000",1100,true,true,true,true,false
,,,,,,,,0,"000000000000","000000000000-0000",1101,true,true,true,true,false
,,,,,,,,0,"000000000000","000000000000-0000",1102,true,true,true,true,false
,,,,,,,,0,"000000000000","000000000000-0000",1103,true,true,true,true,false
,,,,,,,,0,"000000000000","000000000000-0000",1104,true,true,true,true,false
,,,,,,,,0,"000000000000","000000000000-0000",1105,true,true,true,true,false
,,,,,,,,0,"000000000000","000000000000-0000",1106,true,true,true,true,false
,,,,,,,,0,"000000000000","000000000000-0000",1107,true,true,true,true,false
,,,,,,,,0,"000000000000","000000000000-0000",1108,true,true,true,true,false
,,,,,,,,0,"000000000000","000000000000-0000",1109,true,true,true,true,false
,,,,,,,,0,"000000000000","000000000000-0000",1110,true,true,true,true,false
,,,,,,,,0,"000000000000","000000000000-0000",1111,true,true,true,true,false
,,,,,,,,0,"000000000000","000000000000-0000",1112,true,true,true,true,false
,,,,,,,,0,"000000000000","000000000000-0000",1113,true,true,true,true,false
,,,,,,,,0,"000000000000","000000000000-0000",1114,true,true,true,true,false
,,,,,,,,0,"000000000000","000000000000-0000",1115,true,true,true,true,false
,,,,,,,,0,"000000000000","000000000000-0000",1116,true,true,true,true,false
,,,,,,,,0,"000000000000","000000000000-0000",1117,true,true,true,true,false
,,,,,,,,0,"000000000000","000000000000-0000",1118,true,true,true,true,false
,,,,,,,,0,"000000000000","000000000000-0000",1119,true,true,true,true,false
,,,,,,,,0,"000000000000","000000000000-0000",1120,true,true,true,true,false
,,,,,,,,0,"000000000000","000000000000-0000",1121,true,true,true,true,false
,,,,,,,,0,"000000000000","000000000000-0000",1122,true,true,true,true,false
,,,,,,,,0,"000000000000","000000000000-0000",1123,true,true,true,true,false
,,,,,,,,0,"000000000000","000000000000-0000",1124,true,true,true,true,false
,,,,,,,,0,"000000000000","000000000000-0000",1125,true,true,true,true,false
,,,,,,,,0,"000000000000","000000000000-0000",1126,true,true,true,true,false
,,,,,,,,0,"000000000000","000000000000-0000",1127,true,true,true,true,false
,,,,,,,,0,"000000000000","000000000000-0000",1128,true,true,true,true,false
,,,,,,,,0,"000000000000","000000000000-0000",1129,true,true,true,true,false
,,,,,,,,0,"000000000000","000000000000-0000",1130,true,true,true,true,false
,,,,,,,,0,"000000000000","000000000000-0000",1131,true,true,true,true,false
,,,,,,,,0,"000000000000","000000000000-0000",1132,true,true,true,true,false
,,,,,,,,0,"000000000000","000000000000-0000",1133,true,true,true,true,false
,,,,,,,,0,"000000000000","000000000000-0000",1134,true,true,true,true,false
,,,,,,,,0,"000000000000","000000000000-0000",1135,true,true,true,true,false
,,,,,,,,0,"000000000000","000000000000-0000",1136,true,true,true,true,false
,,,,,,,,0,"000000000000","000000000000-0000",1137,true,true,true,true,false
,,,,,,,,0,"000000000000","000000000000-0000",1138,true,true,true,true,false
,,,,,,,,0,"000000000000","000000000000-0000",1139,true,true,true,true,false
,,,,,,,,0,"000000000000","000000000000-0000",1140,true,true,true,true,false
,,,,,,,,0,"000000000000","000000000000-0000",1141,true,true,true,true,false
,,,,,,,,0,"000000000000","000000000000-0000",1142,true,true,true,true,false
,,,,,,,,0,"000000000000","000000000000-0000",1143,true,true,true,true,false
,,,,,,,,0,"000000000000","000000000000-0000",1144,true,true,true,true,false
,,,,,,,,0,"000000000000","000000000000-0000",1145,true,true,true,true,false
,,,,,,,,0,"000000000000","000000000000-0000",1146,true,true,true,true,false
,,,,,,,,0,"000000000000","000000000000-0000",1147,true,true,true,true,false
,,,,,,,,0,"000000000000","000000000000-0000",1148,true,true,true,true,false
,,,,,,,,0,"000000000000","000000000000-0000",1149,true,true,true,true,false
,,,,,,,,0,"000000000000","000000000000-0000",1150,true,true,true,true,false
,,,,,,,,0,"000000000000","000000000000-0000",1151,true,true,true,true,false
,,,,,,,,0,"000000000000","000000000000-0000",1152,true,true,true,true,false
,,,,,,,,0,"000000000000","000000000000-0000",1153,true,true,true,true,false
,,,,,,,,0,"000000000000","000000000000-0000",1154,true,true,true,true,false
,,,,,,,,0,"000000000000","000000000000-0000",1155,true,true,true,true,false
,,,,,,,,0,"000000000000","000000000000-0000",1156,true,true,true,true,false
,,,,,,,,0,"000000000000","000000000000-0000",1157,true,true,true,true,false
,,,,,,,,0,"000000000000","000000000000-0000",1158,true,true,true,true,false
,,,,,,,,0,"000000000000","000000000000-0000",1159,true,true,true,true,false
,,,,,,,,0,"000000000000","000000000000-0000",1160,true,true,true,true,false
,,,,,,,,0,"000000000000","000000000000-0000",1161,true,true,true,true,false
,,,,,,,,0,"000000000000","000000000000-0000",1162,true,true,true,true,false
,,,,,,,,0,"000000000000","000000000000-0000",1163,true,true,true,true,false
,,,,,,,,0,"000000000000","000000000000-0000",1164,true,true,true,true,false
,,,,,,,,0,"000000000000","000000000000-0000",1165,true,true,true,true,false
,,,,,,,,0,"000000000000","000000000000-0000",1166,true,true,true,true,false
,,,,,,,,0,"000000000000","000000000000-0000",1167,true,true,true,true,false
,,,,,,,,0,"000000000000","000000000000-0000",1168,true,true,true,true,false
,,,,,,,,0,"000000000000","000000000000-0000",1169,true,true,true,true,false
,,,,,,,,0,"000000000000","000000000000-0000",1170,true,true,true,true,false
,,,,,,,,0,"000000000000","000000000000-0000",1171,true,true,true,true,false
,,,,,,,,0,"000000000000","000000000000-0000",1172,true,true,true,true,false
,,,,,,,,0,"000000000000","000000000000-0000",1173,true,true,true,true,false
,,,,,,,,0,"000000000000","000000000000-0000",1174,true,true,true,true,false
,,,,,,,,0,"000000000000","000000000000-0000",1175,true,true,true,true,false
,,,,,,,,0,"000000000000","000000000000-0000",1176,true,true,true,true,false
,,,,,,,,0,"000000000000","000000000000-0000",1177,true,true,true,true,false
,,,,,,,,0,"000000000000","000000000000-0000",1178,true,true,true,true,false
,,,,,,,,0,"000000000000","000000000000-0000",1179,true,true,true,true,false
,,,,,,,,0,"000000000000","000000000000-0000",1180,true,true,true,true,false
,,,,,,,,0,"000000000000","000000000000-0000",1181,true,true,true,true,false
,,,,,,,,0,"000000000000","000000000000-0000",1182,true,true,true,true,false
,,,,,,,,0,"000000000000","000000000000-0000",1183,true,true,true,true,false
,,,,,,,,0,"000000000000","000000000000-0000",1184,true,true,true,true,false
,,,,,,,,0,"000000000000","000000000000-0000",1185,true,true,true,true,false
,,,,,,,,0,"000000000000","000000000000-0000",1186,true,true,true,true,false
,,,,,,,,0,"000000000000","000000000000-0000",1187,true,true,true,true,false
,,,,,,,,0,"000000000000","000000000000-0000",1188,true,true,true,true,false
,,,,,,,,0,"000000000000","000000000000-0000",1189,true,true,true,true,false
,,,,,,,,0,"000000000000","000000000000-0000",1190,true,true,true,true,false
,,,,,,,,0,"000000000000","000000000000-0000",1191,true,true,true,true,false
,,,,,,,,0,"000000000000","000000000000-0000",1192,true,true,true,true,false
,,,,,,,,0,"000000000000","000000000000-0000",1193,true,true,true,true,false
,,,,,,,,0,"000000000000","000000000000-0000",1194,true,true,true,true,false
,,,,,,,,0,"000000000000","000000000000-0000",1195,true,true,true,true,false
,,,,,,,,0,"000000000000","000000000000-0000",1196,true,true,true,true,false
,,,,,,,,0,"000000000000","000000000000-0000",1197,true,true,true,true,false
,,,,,,,,0,"000000000000","000000000000-0000",1198,true,true,true,true,false
,,,,,,,,0,"000000000000","000000000000-0000",1199,true,true,true,true,false
,,,,,,,,0,"000000000000","000000000000-0000",1200,true,true,true,true,false
,,,,,,,,0,"000000000000","000000000000-0000",1201,true,true,true,true,false
,,,,,,,,0,"000000000000","000000000000-0000",1202,true,true,true,true,false
,,,,,,,,0,"000000000000","000000000000-0000",1203,true,true,true,true,false
,,,,,,,,0,"000000000000","000000000000-0000",1204,true,true,true,true,false
,,,,,,,,0,"000000000000","000000000000-0000",1205,true,true,true,true,false
,,,,,,,,0,"000000000000","000000000000-0000",1206,true,true,true,true,false
,,,,,,,,0,"000000000000","000000000000-0000",1207,true,true,true,true,false
,,,,,,,,0,"000000000000","000000000000-0000",1208,true,true,true,true,false
,,,,,,,,0,"000000000000","000000000000-0000",1209,true,true,true,true,false
,,,,,,,,0,"000000000000","000000000000-0000",1210,true,true,true,true,false
,,,,,,,,0,"000000000000","000000000000-0000",1211,true,true,true,true,false
,,,,,,,,0,"000000000000","000000000000-0000",1212,true,true,true,true,false
,,,,,,,,0,"000000000000","000000000000-0000",1213,true,true,true,true,false
,,,,,,,,0,"000000000000","000000000000-0000",1214,true,true,true,true,false
,,,,,,,,0,"000000000000","000000000000-0000",1215,true,true,true,true,false
,,,,,,,,0,"000000000000","000000000000-0000",1216,true,true,true,true,false
,,,,,,,,0,"000000000000","000000000000-0000",1217,true,true,true,true,false
,,,,,,,,0,"000000000000","000000000000-0000",1218,true,true,true,true,false
,,,,,,,,0,"000000000000","000000000000-0000",1219,true,true,true,true,false
,,,,,,,,0,"000000000000","000000000000-0000",1220,true,true,true,true,false
,,,,,,,,0,"000000000000","000000000000-0000",1221,true,true,true,true,false
,,,,,,,,0,"000000000000","000000000000-0000",1222,true,true,true,true,false
,,,,,,,,0,"000000000000","000000000000-0000",1223,true,true,true,true,false
,,,,,,,,0,"000000000000","000000000000-0000",1224,true,true,true,true,false
,,,,,,,,0,"000000000000","000000000000-0000",1225,true,true,true,true,false
,,,,,,,,0,"000000000000","000000000000-0000",1226,true,true,true,true,false
,,,,,,,,0,"000000000000","000000000000-0000",1227,true,true,true,true,false
,,,,,,,,0,"000000000000","000000000000-0000",1228,true,true,true,true,false
,,,,,,,,0,"000000000000","000000000000-0000",1229,true,true,true,true,false
,,,,,,,,0,"000000000000","000000000000-0000",1230,true,true,true,true,false
,,,,,,,,0,"000000000000","000000000000-0000",1231,true,true,true,true,false
,,,,,,,,0,"000000000000","000000000000-0000",1232,true,true,true,true,false
,,,,,,,,0,"000000000000","000000000000-0000",1233,true,true,true,true,false
,,,,,,,,0,"000000000000","000000000000-0000",1234,true,true,true,true,false
,,,,,,,,0,"000000000000","000000000000-0000",1235,true,true,true,true,false
,,,,,,,,0,"000000000000","000000000000-0000",1236,true,true,true,true,false
,,,,,,,,0,"000000000000","000000000000-0000",1237,true,true,true,true,false
,,,,,,,,0,"000000000000","000000000000-0000",1238,true,true,true,true,false
,,,,,,,,0,"000000000000","000000000000-0000",1239,true,true,true,true,false
,,,,,,,,0,"000000000000","000000000000-0000",1240,true,true,true,true,false
,,,,,,,,0,"000000000000","000000000000-0000",1241,true,true,true,true,false
,,,,,,,,0,"000000000000","000000000000-0000",1242,true,true,true,true,false
,,,,,,,,0,"000000000000","000000000000-0000",1243,true,true,true,true,false
,,,,,,,,0,"000000000000","000000000000-0000",1244,true,true,true,true,false
,,,,,,,,0,"000000000000","000000000000-0000",1245,true,true,true,true,false
,,,,,,,,0,"000000000000","000000000000-0000",1246,true,true,true,true,false
,,,,,,,,0,"000000000000","000000000000-0000",1247,true,true,true,true,false
,,,,,,,,0,"000000000000","000000000000-0000",1248,true,true,true,true,false
,,,,,,,,0,"000000000000","000000000000-0000",1249,true,true,true,true,false
,,,,,,,,0,"000000000000","000000000000-0000",1250,true,true,true,true,false
,,,,,,,,0,"000000000000","000000000000-0000",1251,true,true,true,true,false
,,,,,,,,0,"000000000000","000000000000-0000",1252,true,true,true,true,false
,,,,,,,,0,"000000000000","000000000000-0000",1253,true,true,true,true,false
,,,,,,,,0,"000000000000","000000000000-0000",1254,true,true,true,true,false
,,,,,,,,0,"000000000000","000000000000-0000",1255,true,true,true,true,false
,,,,,,,,0,"000000000000","000000000000-0000",1256,true,true,true,true,false
,,,,,,,,0,"000000000000","000000000000-0000",1257,true,true,true,true,false
,,,,,,,,0,"000000000000","000000000000-0000",1258,true,true,true,true,false
,,,,,,,,0,"000000000000","000000000000-0000",1259,true,true,true,true,false
,,,,,,,,0,"000000000000","000000000000-0000",1260,true,true,true,true,false
,,,,,,,,0,"000000000000","000000000000-0000",1261,true,true,true,true,false
,,,,,,,,0,"000000000000","000000000000-0000",1262,true,true,true,true,false
,,,,,,,,0,"000000000000","000000000000-0000",1263,true,true,true,true,false
,,,,,,,,0,"000000000000","000000000000-0000",1264,true,true,true,true,false
,,,,,,,,0,"000000000000","000000000000-0000",1265,true,true,true,true,false
,,,,,,,,0,"000000000000","000000000000-0000",1266,true,true,true,true,false
,,,,,,,,0,"000000000000","000000000000-0000",1267,true,true,true,true,false
,,,,,,,,0,"000000000000","000000000000-0000",1268,true,true,true,true,false
,,,,,,,,0,"000000000000","000000000000-0000",1269,true,true,true,true,false
,,,,,,,,0,"000000000000","000000000000-0000",1270,true,true,true,true,false
,,,,,,,,0,"000000000000","000000000000-0000",1271,true,true,true,true,false
,,,,,,,,0,"000000000000","000000000000-0000",1272,true,true,true,true,false
,,,,,,,,0,"000000000000","000000000000-0000",1273,true,true,true,true,false
,,,,,,,,0,"000000000000","000000000000-0000",1274,true,true,true,true,false
,,,,,,,,0,"000000000000","000000000000-0000",1275,true,true,true,true,false
,,,,,,,,0,"000000000000","000000000000-0000",1276,true,true,true,true,false
,,,,,,,,0,"000000000000","000000000000-0000",1277,true,true,true,true,false
,,,,,,,,0,"000000000000","000000000000-0000",1278,true,true,true,true,false
,,,,,,,,0,"000000000000","000000000000-0000",1279,true,true,true,true,false
,,,,,,,,0,"000000000000","000000000000-0000",1280,true,true,true,true,false
,,,,,,,,0,"000000000000","000000000000-0000",1281,true,true,true,true,false
,,,,,,,,0,"000000000000","000000000000-0000",1282,true,true,true,true,false
,,,,,,,,0,"000000000000","000000000000-0000",1283,true,true,true,true,false
,,,,,,,,0,"000000000000","000000000000-0000",1284,true,true,true,true,false
,,,,,,,,0,"000000000000","000000000000-0000",1285,true,true,true,true,false
,,,,,,,,0,"000000000000","000000000000-0000",1286,true,true,true,true,false
,,,,,,,,0,"000000000000","000000000000-0000",1287,true,true,true,true,false
,,,,,,,,0,"000000000000","000000000000-0000",1288,true,true,true,true,false
,,,,,,,,0,"000000000000","000000000000-0000",1289,true,true,true,true,false
,,,,,,,,0,"000000000000","000000000000-0000",1290,true,true,true,true,false
,,,,,,,,0,"000000000000","000000000000-0000",1291,true,true,true,true,false
,,,,,,,,0,"000000000000","000000000000-0000",1292,true,true,true,true,false
,,,,,,,,0,"000000000000","000000000000-0000",1293,true,true,true,true,false
,,,,,,,,0,"000000000000","000000000000-0000",1305,false,false,false,false,true
,,,,,,,,0,"000000000000","000000000000-0000",1306,false,false,false,false,true
,,,,,,,,0,"000000000000","000000000000-0000",1309,false,false,false,false,true
,,,,,,,,0,"000000000000","000000000000-0000",1336,false,false,false,false,true
,,,,,,,,0,"000000000000","000000000000-0000",2191,false,false,false,false,true
